分类,关系链编码,主称呼,所有称呼(别名)
主要关系,,自己,自己、我、俺、吾、本人、在下
主要关系,"f,f,f,f,f,f,f,f,f,f,f,f",先祖父,先祖父、先太爷、十二世祖
主要关系,"f,f,f,f,f,f,f,f,f,f,f,m",先祖母,先祖母、先太奶
主要关系,"f,f,f,f,f,f,f,f,f,f,f",始祖父,始祖父、始太爷、十一世祖
主要关系,"f,f,f,f,f,f,f,f,f,f,m",始祖母,始祖母、始太奶
主要关系,"f,f,f,f,f,f,f,f,f,f",开祖父,开祖父、开太爷、十世祖
主要关系,"f,f,f,f,f,f,f,f,f,m",开祖母,开祖母、开太奶
主要关系,"f,f,f,f,f,f,f,f,f",鼻祖父,鼻祖父、鼻太爷、九世祖
主要关系,"f,f,f,f,f,f,f,f,m",鼻祖母,鼻祖母、鼻太奶
主要关系,"f,f,f,f,f,f,f,f",远祖父,远祖父、远太爷、八世祖
主要关系,"f,f,f,f,f,f,f,m",远祖母,远祖母、远太奶
主要关系,"f,f,f,f,f,f,f",太祖父,太祖父、太太爷、七世祖
主要关系,"f,f,f,f,f,f,m",太祖母,太祖母、太太奶
主要关系,"f,f,f,f,f,f",烈祖父,烈祖父、烈太爷、六世祖
主要关系,"f,f,f,f,f,m",烈祖母,烈祖母、烈太奶
主要关系,"f,f,f,f,f",天祖父,天祖父、天太爷、五世祖
主要关系,"f,f,f,f,m",天祖母,天祖母、天太奶
主要关系,"f,f,f,f",高祖父,高祖父、外曾外曾外毑父、曾曾祖父、祖太公、祖太爷、高太爷、祖太翁、祖太爷爷、四世祖
主要关系,"f,f,f,m",高祖母,高祖母、外曾外曾外毑母、曾曾祖母、祖太婆、祖太奶、高太奶、祖太姆、祖太奶奶
主要关系,"f,f,m,f",高外祖父,高外祖父、外曾外曾毑父、高外翁
主要关系,"f,f,m,m",高外祖母,高外祖母、外曾外曾毑母、高外婆
主要关系,"f,m,f,f",曾外曾祖父,曾外曾祖父、外高外毑父
主要关系,"f,m,f,m",曾外曾祖母,曾外曾祖母、外高外毑母
主要关系,"f,m,m,f",曾外曾外祖父,曾外曾外祖父、外高毑父
主要关系,"f,m,m,m",曾外曾外祖母,曾外曾外祖母、外高毑母
主要关系,"m,f,f,f",外高祖父,外高祖父、曾外曾外毑父
主要关系,"m,f,f,m",外高祖母,外高祖母、曾外曾外毑母
主要关系,"m,f,m,f",外高外祖父,外高外祖父、曾外曾祖毑父
主要关系,"m,f,m,m",外高外祖母,外高外祖母、曾外曾祖毑母
主要关系,"m,m,f,f",外曾外曾祖父,外曾外曾祖父、高外毑父
主要关系,"m,m,f,m",外曾外曾祖母,外曾外曾祖母、高外毑母
主要关系,"m,m,m,f",外曾外曾外祖父,外曾外曾外祖父、高毑父
主要关系,"m,m,m,m",外曾外曾外祖母,外曾外曾外祖母、高毑母
主要关系,"f,f,f",曾祖父,曾祖父、曾祖、外曾外毑父、太公、太爷、老太爷、太翁、太爷爷、曾爷爷、公太、佬嗲、祖爷、三世祖
主要关系,"f,f,m",曾祖母,曾祖母、外曾外毑母、太婆、太奶、老太奶、太嬷、太姆、太奶奶、曾奶奶、婆太、老娭毑
主要关系,"f,m,f",曾外祖父,曾外祖父、曾外祖、外曾毑父、太外公、太外爷、太外翁、太外爷爷
主要关系,"f,m,m",曾外祖母,曾外祖母、外曾毑母、太外婆、太外奶、太外嬷、太外姆、太外奶奶
主要关系,"m,f,f",外曾祖父,外曾祖父、外曾祖、曾外毑父、外太公、外太爷、外太翁、外太爷爷
主要关系,"m,f,m",外曾祖母,外曾祖母、曾外毑母、外太婆、外太奶、外太嬷、外太姆、外太奶奶
主要关系,"m,m,f",外曾外祖父,外曾外祖父、外曾外祖、曾毑父、外太外公、外太外爷、外太外翁、外太外爷爷、外太姥爷
主要关系,"m,m,m",外曾外祖母,外曾外祖母、曾毑母、外太外婆、外太外奶、外太外嬷、外太外姆、外太外奶奶、外太姥姥
主要关系,"f,f",爷爷,爷爷、祖父、祖公、阿爷、阿公、奶爹、亚爷、亚公、依爷、大父、祖翁、嗲嗲、爷、祖君、奶爷、爷儿、爷老、爷老子、爷老倌、二世祖
主要关系,"f,m",奶奶,奶奶、祖母、祖婆、阿奶、阿婆、奶娘、亚嬷、亚婆、依奶、大母、祖嫲、嫲嫲、奶、重慈、阿嬷、婻婻、娭毑、嗯奶、娘姆、媪婆、亲婆
主要关系,"m,f",外公,外公、外祖父、姥爷、阿公、外爷、客公、毑父、毑公、姥公、舅家爷、嘎公、嘎爹、嘎嘎爹、嘎爷爷、尕公、毑爹、毑爷、外大父、姥爹、魏公、魏爷、简爷
主要关系,"m,m",外婆,外婆、外祖母、姥姥、阿婆、外奶、客婆、毑母、毑婆、姥婆、舅家婆、嘎嘎、嘎婆、嘎嘎婆、嘎奶奶、尕婆、毑娘、毑毑、外大母、姥娘、魏婆、魏奶、简婆、阿嬷、外嬷、嫲嫲、好婆、嫏嫏、嫏娘、姥
主要关系,"f,f,ob",伯公,伯公、伯祖、伯翁、大爷爷、大嗲、大爷、大公、大阿爷
主要关系,"f,f,ob,w",伯婆,伯婆、姆婆、大奶奶、伯娭毑
主要关系,"f,f,lb",叔公,叔公、叔祖、叔翁、小爷爷、晚公、幺爷、细嗲
主要关系,"f,f,lb,w",叔婆,叔婆、婶婆、小奶奶、叔娭毑、晚婆、幺奶
主要关系,"f,f,xs",姑奶奶,姑奶奶、祖姑、姑奶、恩婆、姑娭毑
主要关系,"f,f,xs,h",姑爷爷,姑爷爷、祖姑丈、恩爹、姑丈公、丈公
主要关系,"f,m,ob",大舅爷,大舅爷、大舅爹
主要关系,"f,m,ob,w",大舅婆,大舅婆
主要关系,"f,m,lb",小舅爷,小舅爷、小舅爹
主要关系,"f,m,lb,w",小舅婆,小舅婆
主要关系,"f,m,xb",舅爷爷,舅爷爷、舅祖、舅爹、太舅父
主要关系,"f,m,xb,w",舅奶奶,舅奶奶、妗婆、舅婆、妗奶、太舅母
主要关系,"f,m,xs",姨奶奶,姨奶奶、姨奶、姨娭毑
主要关系,"f,m,xs,h",姨爷爷,姨爷爷、姨公公、姨爹、姨丈公、丈公
主要关系,"m,f,ob",伯外公,伯外公、外伯祖、伯外祖、大外公、大姥爷、大外爷
主要关系,"m,f,ob,w",伯外婆,伯外婆、外姆婆、大外婆、大姥姥、大姥奶
主要关系,"m,f,lb",叔外公,叔外公、外叔祖、叔外祖、小外公、小姥爷、小外爷
主要关系,"m,f,lb,w",叔外婆,叔外婆、外婶婆、小外婆、小姥姥、婶姥姥、小姥奶
主要关系,"m,f,xs",姑外婆,姑外婆、姑婆、恩婆
主要关系,"m,f,xs,h",姑外公,姑外公、姑公、恩爹、外姑丈公、外丈公
主要关系,"m,m,xb",舅外公,舅外公、舅公、舅爹
主要关系,"m,m,xb,w",舅外婆,舅外婆、舅婆、妗姥姥、妗姥娘、妗姥、外妗婆
主要关系,"m,m,xs",姨外婆,姨外婆、姨婆
主要关系,"m,m,xs,h",姨外公,姨外公、姨公、外姨丈公、外丈公
主要关系,f,爸爸,爸爸、父亲、老父亲、老爸、阿爸、阿父、阿爹、老窦、爹地、依爹、老爹、老汉、老爷子、老子、牙老子、爸、父、爹、老汉儿、牙老倌、爸比、爹爹、爹啲、一世祖
主要关系,"f,ob",伯父,伯父、伯伯、伯爸、阿伯、伯爷、依伯、伯儿、大伯、大爹、大爸、大爸爸、世父、大爷、大大、几伯、伯
主要关系,"f,ob,w",伯母,伯母、伯妈、伯娘、依姆、世母、大娘、伯妇、大嬷、大妈、大妈妈、大姆妈、伯姐、姆
主要关系,"f,lb",叔叔,叔叔、叔父、叔爸、阿叔、叔爹、依叔、叔儿、小叔、小爹、小爸、小爸爸、仲父、季父、叔仔、几叔、叔
主要关系,"f,lb,w",婶婶,婶婶、叔母、叔妈、阿婶、叔娘、依婶、婶儿、小婶、小娘、小妈、小妈妈、仲母、季母、叔妇、几婶、婶、婶母、婶妈、婶娘、婶子、家婶、婶爹、嬢嬢
主要关系,"f,xb,s&o",堂哥,堂哥、堂老兄
主要关系,"f,xb,s&o,w",堂嫂,堂嫂、堂兄嫂
主要关系,"f,xb,s&l",堂弟,堂弟、堂老弟
主要关系,"f,xb,s&l,w",堂弟媳,堂弟媳、堂弟妇、堂弟妹
主要关系,"f,xb,s,s",堂侄,堂侄、再从子
主要关系,"f,xb,s,s,w",堂侄媳妇,堂侄媳妇
主要关系,"f,xb,s,s,s",堂侄孙,堂侄孙、再从孙
主要关系,"f,xb,s,s,s,s",堂曾孙,堂曾孙、再曾孙
主要关系,"f,xb,s,s,s,s,s",堂玄孙,堂玄孙、再玄孙
主要关系,"f,xb,s,d",堂侄女,堂侄女
主要关系,"f,xb,s,d,h",堂侄女婿,堂侄女婿
主要关系,"f,xb,d&o",堂姐,堂姐、堂大姐
主要关系,"f,xb,d&o,h",堂姐夫,堂姐夫
主要关系,"f,xb,d&l",堂妹,堂妹、堂细妹
主要关系,"f,xb,d&l,h",堂妹夫,堂妹夫
主要关系,"f,xb,d,s",堂外甥,堂外甥
主要关系,"f,xb,d,s,w",堂外甥媳妇,堂外甥媳妇
主要关系,"f,xb,d,d",堂外甥女,堂外甥女
主要关系,"f,xb,d,d,h",堂外甥女婿,堂外甥女婿
主要关系,"f,os",大姑,大姑、姑姊、姑嬷
主要关系,"f,os,h",大姑丈,大姑丈、大姑夫、恩伯
主要关系,"f,ls",小姑,小姑、姑姐、姑妹、姑仔、尕娘、幺姑姐、老姑
主要关系,"f,ls,h",小姑丈,小姑丈、小姑夫、恩叔
主要关系,"f,xs",姑妈,姑妈、姑母、姑姑、恩妈、几姑、姑、嬢嬢、娘娘
主要关系,"f,xs,h",姑丈,姑丈、姑父、姑爸、恩爸、姑伯、姑爹、姑夫、姑婿、姑郎、亘
主要关系,"f,f,xb,s&o",堂伯,堂伯
主要关系,"f,f,xb,s&o,w",堂伯母,堂伯母
主要关系,"f,f,xb,s&l",堂叔,堂叔
主要关系,"f,f,xb,s&l,w",堂婶,堂婶
主要关系,"f,f,xb,s",堂伯叔父,堂伯叔父、堂叔伯、从父
主要关系,"f,f,xb,s,w",堂伯叔母,堂伯叔母、从母
主要关系,"f,f,xb,s,s&o",从堂兄,从堂兄
主要关系,"f,f,xb,s,s&l",从堂弟,从堂弟
主要关系,"f,f,xb,s,s,s",从堂侄,从堂侄、三从子
主要关系,"f,f,xb,s,s,s,s",从堂侄孙,从堂侄孙、三从孙
主要关系,"f,f,xb,s,s,s,s,s",从堂侄曾孙,从堂侄曾孙、三曾孙
主要关系,"f,f,xb,s,s,s,s,s,s",从堂侄玄孙,从堂侄玄孙、三玄孙
主要关系,"f,f,xb,d",堂姑,堂姑
主要关系,"f,f,xb,d,h",堂姑丈,堂姑丈
主要关系,"f,f,f,xb",伯叔曾祖父,伯叔曾祖父
主要关系,"f,f,f,xb,w",伯叔曾祖母,伯叔曾祖母
主要关系,"f,f,f,xb,s",堂伯叔祖父,堂伯叔祖父
主要关系,"f,f,f,xb,s,w",堂伯叔祖母,堂伯叔祖母
主要关系,"f,f,f,xb,s,s&o",从伯父,从伯父
主要关系,"f,f,f,xb,s,s&o,w",从伯母,从伯母
主要关系,"f,f,f,xb,s,s&l",从叔父,从叔父
主要关系,"f,f,f,xb,s,s&l,w",从叔母,从叔母
主要关系,"f,f,f,xb,s,s",从伯叔父,从伯叔父、再从父
主要关系,"f,f,f,xb,s,s,w",从伯叔母,从伯叔母、再从母
主要关系,"f,f,f,xb,s,s,s&o",族兄,族兄
主要关系,"f,f,f,xb,s,s,s&l",族弟,族弟
主要关系,"f,f,f,xb,s,s,s,s",族侄,族侄、四从子、族子
主要关系,"f,f,f,xb,s,s,s,s,s",族侄孙,族侄孙、四从孙、族孙
主要关系,"f,f,f,xb,s,s,s,s,s,s",族侄曾孙,族侄曾孙、四曾孙、族曾孙
主要关系,"f,f,f,xb,s,s,s,s,s,s,s",族侄玄孙,族侄玄孙、四玄孙、族玄孙
主要关系,"f,f,f,f,xb",伯叔高祖父,伯叔高祖父
主要关系,"f,f,f,f,xb,w",伯叔高祖母,伯叔高祖母
主要关系,"f,f,f,f,xb,s",堂伯叔曾祖父,堂伯叔曾祖父
主要关系,"f,f,f,f,xb,s,w",堂伯叔曾祖母,堂伯叔曾祖母
主要关系,"f,f,f,f,xb,s,s",从伯叔祖父,从伯叔祖父
主要关系,"f,f,f,f,xb,s,s,w",从伯叔祖母,从伯叔祖母
主要关系,"f,f,f,f,xb,s,s,s&o",族伯父,族伯父
主要关系,"f,f,f,f,xb,s,s,s&o,w",族伯母,族伯母
主要关系,"f,f,f,f,xb,s,s,s&l",族叔父,族叔父
主要关系,"f,f,f,f,xb,s,s,s&l,w",族叔母,族叔母
主要关系,"f,f,f,f,xb,s,s,s",族伯叔父,族伯叔父、三从父、族父
主要关系,"f,f,f,f,xb,s,s,s,w",族伯叔母,族伯叔母、三从母、族母
主要关系,m,妈妈,妈妈、母亲、老母亲、老妈、阿妈、阿母、阿娘、老母、妈咪、依妈、老娘、老乸、老妈子、妈子、娘老子、妈、母、娘、阿毑、姆嬷、姆妈、娘亲
主要关系,"m,ob",大舅,大舅、大舅舅、舅伯、元舅
主要关系,"m,ob,w",大舅妈,大舅妈、大妗、舅嬷
主要关系,"m,lb",小舅,小舅、小舅舅、舅仔、舅父仔、尕阿舅、老舅
主要关系,"m,lb,w",小舅妈,小舅妈、小妗、细妗
主要关系,"m,xb",舅舅,舅舅、舅爸、舅父、舅爹、娘舅、母舅、阿舅、妗公、舅台、几舅、舅
主要关系,"m,xb,w",舅妈,舅妈、舅母、舅娘、娘妗、舅妻、舅姆、舅姆妈、舅媳妇、舅妇、舅姥、舅毑、老妗、妗子、妗妗、妗妗儿、妗爹、妗娘、妗爸、妗妈、妗母、阿妗、妗门、妗婆仔、妗儿妈、娘妗子、妗、嬢嬢
主要关系,"m,os",大姨,大姨、姨嬷
主要关系,"m,os,h",大姨丈,大姨丈、大姨父、大姨夫、姨伯
主要关系,"m,ls",小姨,小姨、姨仔、老姨
主要关系,"m,ls,h",小姨丈,小姨丈、小姨父、小姨夫、姨叔
主要关系,"m,xs",姨妈,姨妈、姨母、姨姨、姨娘、阿姨、从母、几姨、姨、嬢嬢
主要关系,"m,xs,h",姨丈,姨丈、姨父、姨夫、姨爸、姨爹、姨婿、姨郎、尹
主要关系,"m,f,xb,s",堂舅,堂舅
主要关系,"m,f,xb,s,w",堂舅妈,堂舅妈
主要关系,"m,f,xb,d",堂姨,堂姨
主要关系,"m,f,xb,d,h",堂姨丈,堂姨丈
主要关系,"m,xb,s&o",表哥,表哥、舅表兄、舅表哥
主要关系,"m,xb,s&o,w",表嫂,表嫂、舅表嫂
主要关系,"m,xb,s&l",表弟,表弟、舅表弟
主要关系,"m,xb,s&l,w",表弟媳,表弟媳、舅表弟媳
主要关系,"m,xb,s",表兄弟,表兄弟、舅表兄弟
主要关系,"m,xb,s,w",表兄弟媳,表兄弟媳
主要关系,"m,xb,d&o",表姐,表姐、舅表姐
主要关系,"m,xb,d&o,h",表姐夫,表姐夫、舅表姐夫
主要关系,"m,xb,d&l",表妹,表妹、舅表妹
主要关系,"m,xb,d&l,h",表妹夫,表妹夫、舅表妹夫
主要关系,"m,xb,d",表姐妹,表姐妹、舅表姐妹
主要关系,"m,xb,d,h",表姐妹夫,表姐妹夫
主要关系,"m,xb,s,s",表侄,表侄、舅表侄
主要关系,"m,xb,s,s,w",表侄媳妇,表侄媳妇
主要关系,"m,xb,s,d",表侄女,表侄女、舅表侄女
主要关系,"m,xb,s,d,h",表侄女婿,表侄女婿
主要关系,"m,xb,d,s",表外甥,表外甥、舅表甥
主要关系,"m,xb,d,s,w",表外甥媳妇,表外甥媳妇
主要关系,"m,xb,d,d",表外甥女,表外甥女、舅表甥女
主要关系,"m,xb,d,d,h",表外甥女婿,表外甥女婿
主要关系,"m,xs,s&o",表哥,表哥、姨表兄、姨表哥
主要关系,"m,xs,s&o,w",表嫂,表嫂、姨表嫂
主要关系,"m,xs,s&l",表弟,表弟、姨表弟
主要关系,"m,xs,s&l,w",表弟媳,表弟媳、姨表弟媳
主要关系,"m,xs,s",表兄弟,表兄弟、姨表兄弟
主要关系,"m,xs,s,w",表兄弟媳,表兄弟媳
主要关系,"m,xs,d&o",表姐,表姐、姨表姐
主要关系,"m,xs,d&o,h",表姐夫,表姐夫、姨表姐夫
主要关系,"m,xs,d&l",表妹,表妹、姨表妹
主要关系,"m,xs,d&l,h",表妹夫,表妹夫、姨表妹夫
主要关系,"m,xs,d",表姐妹,表姐妹、姨表姐妹
主要关系,"m,xs,d,h",表姐妹夫,表姐妹夫
主要关系,"m,xs,s,s",表侄,表侄、姨表侄
主要关系,"m,xs,s,s,w",表侄媳妇,表侄媳妇
主要关系,"m,xs,s,d",表侄女,表侄女、姨表侄女
主要关系,"m,xs,s,d,h",表侄女婿,表侄女婿
主要关系,"m,xs,d,s",表外甥,表外甥、姨表甥
主要关系,"m,xs,d,s,w",表外甥媳妇,表外甥媳妇
主要关系,"m,xs,d,d",表外甥女,表外甥女、姨表甥女
主要关系,"m,xs,d,d,h",表外甥女婿,表外甥女婿
主要关系,"f,xs,s&o",表哥,表哥、姑表兄、姑表哥
主要关系,"f,xs,s&o,w",表嫂,表嫂、姑表嫂
主要关系,"f,xs,s&l",表弟,表弟、姑表弟
主要关系,"f,xs,s&l,w",表弟媳,表弟媳、姑表弟媳
主要关系,"f,xs,s",表兄弟,表兄弟、姑表兄弟
主要关系,"f,xs,s,w",表兄弟媳,表兄弟媳
主要关系,"f,xs,d&o",表姐,表姐、姑表姐
主要关系,"f,xs,d&o,h",表姐夫,表姐夫、姑表姐夫
主要关系,"f,xs,d&l",表妹,表妹、姑表妹
主要关系,"f,xs,d&l,h",表妹夫,表妹夫、姑表妹夫
主要关系,"f,xs,d",表姐妹,表姐妹、姑表姐妹
主要关系,"f,xs,d,h",表姐妹夫,表姐妹夫
主要关系,"f,xs,s,s",表侄,表侄、姑表侄
主要关系,"f,xs,s,s,w",表侄媳妇,表侄媳妇
主要关系,"f,xs,s,d",表侄女,表侄女、姑表侄女
主要关系,"f,xs,s,d,h",表侄女婿,表侄女婿
主要关系,"f,xs,d,s",表外甥,表外甥、姑表甥
主要关系,"f,xs,d,s,w",表外甥媳妇,表外甥媳妇
主要关系,"f,xs,d,d",表外甥女,表外甥女、姑表甥女
主要关系,"f,xs,d,d,h",表外甥女婿,表外甥女婿
主要关系,"h,f,f,f",曾祖公父,曾祖公父、曾祖公、太公翁
主要关系,"h,f,f,m",曾祖婆母,曾祖婆母、曾祖婆、太奶亲
主要关系,"h,f,m,f",曾外祖公父,曾外祖公父、曾外祖公
主要关系,"h,f,m,m",曾外祖婆母,曾外祖婆母、曾外祖婆
主要关系,"h,m,f,f",外曾祖公父,外曾祖公父、外曾祖公
主要关系,"h,m,f,m",外曾祖婆母,外曾祖婆母、外曾祖婆
主要关系,"h,m,m,f",外曾外祖公父,外曾外祖公父、外曾外祖公
主要关系,"h,m,m,m",外曾外祖婆母,外曾外祖婆母、外曾外祖婆
主要关系,"h,f,f,f,ob",伯曾祖公父,伯曾祖公父、伯曾祖公、太伯翁
主要关系,"h,f,f,f,ob,w",伯曾祖婆母,伯曾祖婆母、伯曾祖婆、太姆婆
主要关系,"h,f,f,f,lb",叔曾祖公父,叔曾祖公父、叔曾祖公、太叔翁
主要关系,"h,f,f,f,lb,w",叔曾祖婆母,叔曾祖婆母、叔曾祖婆、太婶婆
主要关系,"h,f,f,f,xs",姑曾祖婆母,姑曾祖婆母、姑曾祖婆
主要关系,"h,f,f,f,xs,h",姑曾祖公父,姑曾祖公父、姑曾祖婆
主要关系,"h,f,f",祖公父,祖公父、祖公、祖公公、祖翁、奶公父
主要关系,"h,f,m",祖婆母,祖婆母、祖婆、祖婆婆、奶婆母
主要关系,"h,m,f",外祖公父,外祖公父、毑公父、外祖公、外祖公公、姥公父、姥公
主要关系,"h,m,m",外祖婆母,外祖婆母、毑婆母、外祖婆、外祖婆婆、姥婆母、姥婆
主要关系,"h,f",公公,公公、公父、家公、家爷、大官、老公公、老人公、大人公、公公爸、公爹、翁亲、君舅、老公爹、家官、老官、婆父、婆爹
主要关系,"h,m",婆婆,婆婆、婆母、家婆、家娘、大家、老婆婆、老人婆、大人婆、婆婆妈、婆妈、姑亲、君姑、婆母娘、婆子妈、阿姑
主要关系,"h,f,ob",伯公父,伯公父、伯公、伯翁、伯公公、伯祖、婆婆伯
主要关系,"h,f,ob,w",伯婆母,伯婆母、伯婆、姆婆、伯婆婆、伯姆、婆婆伯姆
主要关系,"h,f,lb",叔公父,叔公父、叔公、叔翁、叔公公、叔祖、婆婆叔
主要关系,"h,f,lb,w",叔婆母,叔婆母、叔婆、婶婆、婶婆婆、婶亲、婆婆婶子
主要关系,"h,f,xs",姑婆母,姑婆母、姑婆、姑婆婆、婆婆姑
主要关系,"h,f,xs,h",姑公父,姑公父、姑公、姑公公、婆婆姑夫
主要关系,"h,m,xb",舅公父,舅公父、舅公、舅公公
主要关系,"h,m,xb,w",舅婆母,舅婆母、舅婆、妗婆婆、舅婆婆
主要关系,"h,m,xs",姨婆母,姨婆母、姨婆、姨婆婆
主要关系,"h,m,xs,h",姨公父,姨公父、姨公、姨公公
主要关系,h,老公,老公、丈夫、先生、夫、男人、新郎、爱爷、夫亲、夫君、官人、汉子、老头子、郎君、相公、夫婿、良人、老公仔、爱人、老伴、那口子、配偶、伴侣、伉俪、卿卿
主要关系,"h,ob",大伯子,大伯子、大伯儿、大伯兄、伯子、伯仔、伯兄、阿伯、大伯爷、伯爷子、婿伯
主要关系,"h,ob,w",大婶子,大婶子、大婶儿、大叔兄妇、伯兄妇、伯嫂、伯妇、伯姆、姒妇、姒姆、大伯嫂、姆姆、大姆、大伯妇、大伯娘、姐妇、阿姆
主要关系,"h,lb",小叔子,小叔子、小叔儿、小叔弟、叔子、叔仔、叔弟、阿叔、叔郎、小郎
主要关系,"h,lb,w",小婶子,小婶子、小婶儿、小叔弟妇、叔弟妇、叔嫂、叔妇、叔姆、娣妇、娣姆、小叔妇、婶婶、小婶、小婶婶
主要关系,"h,xb,s",叔侄,叔侄
主要关系,"h,xb,d",叔侄女,叔侄女
主要关系,"h,os",大姑子,大姑子、大姑姐、大姑儿、大姑娘、姑姊、婆姐、婆婆姐、大娘姑
主要关系,"h,os,h",大姑夫,大姑夫、大姑姐夫、大亘子、婆姐夫、婆婆姐夫
主要关系,"h,ls",小姑子,小姑子、小姑妹、小姑儿、小姑娘、姑妹、婆妹、婆婆妹
主要关系,"h,ls,h",小姑夫,小姑夫、小姑妹夫、小亘子、婆妹夫、婆婆妹夫
主要关系,"h,xs",姑子,姑子、夫姑
主要关系,"h,xs,h",姑夫,姑夫、姑郎
主要关系,"h,xs,s",姑甥,姑甥
主要关系,"h,xs,d",姑甥女,姑甥女
主要关系,"w,f,f,f",曾祖岳父,曾祖岳父、曾祖丈人、太爷丈人、祖爷丈人
主要关系,"w,f,f,m",曾祖岳母,曾祖岳母、曾祖丈母、曾祖丈母娘、祖奶丈母娘、太奶丈母娘
主要关系,"w,f,m,f",曾外祖岳父,曾外祖岳父、曾外祖丈人、祖姥爷丈人、太姥爷丈
主要关系,"w,f,m,m",曾外祖岳母,曾外祖岳母、曾外祖丈母、曾外祖丈母娘、祖姥丈母娘、太姥丈母娘
主要关系,"w,m,f,f",外曾祖岳父,外曾祖岳父、外曾祖丈人、祖奶爷丈人、太奶爷丈人、祖姥爷丈人、太姥爷丈人
主要关系,"w,m,f,m",外曾祖岳母,外曾祖岳母、外曾祖丈母、太奶丈母娘、祖姥丈母娘、太姥丈母娘
主要关系,"w,m,m,f",外曾外祖岳父,外曾外祖岳父、外曾外祖丈人、祖姥爷丈人、太姥爷丈人
主要关系,"w,m,m,m",外曾外祖岳母,外曾外祖岳母、外曾外祖丈母、外曾外祖丈母娘、祖姥丈母娘、太姥丈母娘
主要关系,"w,f,f",祖岳父,祖岳父、太岳父、奶岳父、祖丈人、爷丈人、奶爷丈人、奶丈爷、奶丈人、老丈爷
主要关系,"w,f,m",祖岳母,祖岳母、太岳母、奶岳母、祖丈母、祖丈母娘、奶丈母娘、奶丈姥、奶丈母、老丈姥
主要关系,"w,f,ob",伯岳父,伯岳父
主要关系,"w,f,ob,w",伯岳母,伯岳母
主要关系,"w,f,lb",叔岳父,叔岳父
主要关系,"w,f,lb,w",叔岳母,叔岳母
主要关系,"w,f,f,xb,s&o",姻伯丈,姻伯丈
主要关系,"w,f,f,xb,s&o,w",姻姆,姻姆
主要关系,"w,f,f,xb,s&l",姻叔丈,姻叔丈
主要关系,"w,f,f,xb,s&l,w",姻婶,姻婶
主要关系,"w,m,f",外祖岳父,外祖岳父、毑岳父、外祖丈人爹、外祖丈人、外太岳父、姥岳父、姥丈爷、姥丈人、姥丈人爹、老丈爷、姥爷丈人
主要关系,"w,m,m",外祖岳母,外祖岳母、毑岳母、外祖丈母娘、外祖丈母、外太岳母、姥岳母、姥丈姥、姥丈母、姥丈母娘、老丈娘
主要关系,"w,f",岳父,岳父、丈人、老丈人、外父、泰山、外舅、老亲爷、丈人爹、老干爷、丈人公、丈母爷、丈爷、丈爷爹、丈父、岳老子、老丈杆子、岳丈、岳翁、妻公、妇翁、冰翁
主要关系,"w,m",岳母,岳母、丈母、老丈母、外母、泰水、外姑、老亲娘、丈人娘、老干娘、丈人婆、丈母娘、丈姥、丈姥娘、丈姆、岳母娘、丈母婆、丈姆婆、丈姆娘
主要关系,w,老婆,老婆、妻子、媳妇、媳妇儿、媳妇子、太太、妻、女人、新娘、爱姥、妻亲、娘子、新娘子、夫人、婆娘、老太婆、内人、内子、内助、贤内助、爱妻、发妻、婆姨、婆子、老婆子、老婆儿、老婆仔、堂客、爱人、老伴、那口子、配偶、伴侣、伉俪、卿卿
主要关系,"w,ob",大舅子,大舅子、大舅哥、大舅佬、大阿舅、丈人兄、舅哥
主要关系,"w,ob,w",大舅妇,大舅妇、大妗子、大妗儿、大舅姆、大舅兄嫂、大舅嫂、大舅姐、大舅媳妇、丈人嫂
主要关系,"w,lb",小舅子,小舅子、小舅弟、小舅佬、小阿舅、丈人弟、舅弟
主要关系,"w,lb,w",小舅妇,小舅妇、小妗子、小妗儿、小舅姆、小舅弟妇、小舅嫂、舅弟媳、小舅妹、小舅媳妇
主要关系,"w,xb",舅子,舅子、舅佬、妻舅、老婆舅、阿舅、亲家舅、舅老倌
主要关系,"w,xb,w",舅嫂,舅嫂、舅妇、舅姆、妻妗、妗仔、妗子、妗儿
主要关系,"w,xb,s",舅侄,舅侄
主要关系,"w,xb,d",舅侄女,舅侄女
主要关系,"w,os",大姨子,大姨子、大姨姐、大姨儿、姨姐
主要关系,"w,os,h",大姨夫,大姨夫、大姨姐夫、姨姐夫、襟兄、大尹子
主要关系,"w,ls",小姨子,小姨子、小姨妹、小茙儿、姨妹、姨仔、姨妹子
主要关系,"w,ls,h",小姨夫,小姨夫、小姨妹夫、姨妹夫、小茙夫、襟弟、小尹子
主要关系,"w,xs",姨子,姨子、妻姨
主要关系,"w,xs,h",连襟,连襟、姨夫、连桥、两桥、两乔、同门、僚婿、娅婿、连袂、连夹、姨夫爷、老襟、一担挑、老挑、挑担、担儿挑、连襟儿、襟兄弟、友婿、妻尹、娅
主要关系,"w,xs,s",姨甥,姨甥
主要关系,"w,xs,d",姨甥女,姨甥女
主要关系,ob,哥哥,哥哥、哥、胞兄、亲哥、兄亲、老哥、依哥、阿哥、兄台、大佬、家兄、兄长、元兄、长兄、几哥
主要关系,"ob,w",嫂子,嫂子、嫂、嫂嫂、阿嫂、家嫂、兄姊、兄嫂、兄妇、兄妻、几嫂
主要关系,"ob,s",侄子,侄子、兄子
主要关系,"ob,d",侄女,侄女、兄女
主要关系,lb,弟弟,弟弟、弟、胞弟、亲弟、弟亲、老弟、依弟、阿弟、弟子、细佬、小弟、几弟
主要关系,"lb,w",弟妹,弟妹、弟媳、弟媳妇、弟媳妇子、弟新妇、老弟嫂
主要关系,"lb,s",侄子,侄子、弟子
主要关系,"lb,d",侄女,侄女、弟女
主要关系,"xb,s",侄子,侄子、侄男、侄儿子、侄小子、嫡侄、亲侄、侄儿、侄仔、阿侄、老侄、侄
主要关系,"xb,s,w",侄媳妇,侄媳妇、侄媳、侄嫂、侄妇
主要关系,"xb,d",侄女,侄女、侄囡、侄女儿、侄丫头、侄闺女
主要关系,"xb,d,h",侄女婿,侄女婿、侄婿、侄郎
主要关系,"xb,s,s",侄孙,侄孙、侄孙子、侄孙男
主要关系,"xb,s,s,w",侄孙媳妇,侄孙媳妇、侄孙媳
主要关系,"xb,s,d",侄孙女,侄孙女、侄孙囡
主要关系,"xb,s,d,h",侄孙女婿,侄孙女婿、侄孙婿
主要关系,"xb,s,s,s",侄曾孙,侄曾孙
主要关系,"xb,s,s,d",侄曾孙女,侄曾孙女
主要关系,"xb,s,s,s,s",侄玄孙,侄玄孙
主要关系,"xb,s,s,s,d",侄玄孙女,侄玄孙女
主要关系,"xb,d,s",侄外孙,侄外孙
主要关系,"xb,d,d",侄外孙女,侄外孙女
主要关系,"xs,s,s,s",甥曾孙,甥曾孙
主要关系,"xs,s,s,d",甥曾孙女,甥曾孙女
主要关系,"xs,d,s",甥外孙,甥外孙
主要关系,"xs,d,d",甥外孙女,甥外孙女
主要关系,os,姐姐,姐姐、姐、胞姐、亲姐、姊亲、老姐、依姐、阿姐、姊台、家姐、长姐、姊仔、几姐
主要关系,"os,h",姐夫,姐夫、姐丈、姐婿、姐郎、姊兄、姐夫哥、胞姐夫
主要关系,ls,妹妹,妹妹、妹、胞妹、亲妹、妹亲、老妹、依妹、阿妹、妹子、小妹、妹儿、几妹
主要关系,"ls,h",妹夫,妹夫、妹丈、妹婿、妹郎、妹弟、妹夫子、胞妹夫
主要关系,"xs,s",外甥,外甥、甥子、甥男、甥儿、甥儿子、甥仔、甥
主要关系,"xs,s,w",甥媳妇,甥媳妇、甥媳、甥嫂、甥妇、甥儿息妇儿
主要关系,"xs,s,s",甥孙,甥孙、远甥、弥甥
主要关系,"xs,s,d",甥孙女,甥孙女、远甥女、弥甥女
主要关系,"xs,d",外甥女,外甥女、甥女、甥囡、甥女儿、甥闺女
主要关系,"xs,d,h",甥女婿,甥女婿、甥婿、甥郎、甥儿息婿儿
主要关系,s,儿子,儿子、男儿、息男、闺男、囝囝、囝男、囝儿、小子、娃子、男亲、伢子、长子、次子、幼子、儿、仔、囝、子、阿仔、仔仔、后生、公子、少爷、一世孙
主要关系,"s,w",儿媳,儿媳、儿媳妇、息妇儿、儿媳妇儿、新妇、新妇囝、心抱、息妇、儿妇、子妇、小妇、少奶奶、少夫人
主要关系,"s,w,f",亲家公,亲家公
主要关系,"s,w,f,f&o",姻伯,姻伯
主要关系,"s,w,f,f&l",姻叔,姻叔
主要关系,"s,w,m",亲家母,亲家母
主要关系,"s,w,xb",姻侄,姻侄、世侄
主要关系,"s,w,xb,w",姻侄媳,姻侄媳
主要关系,"s,w,xb,s",姻侄孙,姻侄孙
主要关系,"s,w,xb,d",姻侄孙女,姻侄孙女
主要关系,"s,w,xs",姻侄女,姻侄女
主要关系,"s,w,xs,h",姻侄婿,姻侄婿
主要关系,"s,w,xs,s",姻侄外孙,姻侄外孙
主要关系,"s,w,xs,d",姻侄外孙女,姻侄外孙女
主要关系,"s,s",孙子,孙子、孙男、孙男儿、孙儿、长孙、嗣孙、孙仔、孙囝、孙娃子、孙伢子、二世孙
主要关系,"s,s,w",孙媳妇,孙媳妇、孙媳、孙妇、孙息妇、孙新妇
主要关系,"s,s,s",曾孙,曾孙、曾孙男、重孙、重孙子、息仔、三世孙
主要关系,"s,s,s,w",曾孙妇,曾孙妇、重孙媳妇
主要关系,"s,s,s,s",玄孙,玄孙、元孙、膀孙、重重孙、四世孙
主要关系,"s,s,s,s,w",玄孙媳妇,玄孙媳妇
主要关系,"s,s,s,s,s",来孙,来孙、五世孙
主要关系,"s,s,s,s,s,w",来孙媳妇,来孙媳妇
主要关系,"s,s,s,s,s,s",晜孙,晜孙、昆孙、六世孙
主要关系,"s,s,s,s,s,s,w",晜孙媳妇,晜孙媳妇
主要关系,"s,s,s,s,s,s,s",仍孙,仍孙、礽孙、七世孙
主要关系,"s,s,s,s,s,s,s,w",仍孙媳妇,仍孙媳妇
主要关系,"s,s,s,s,s,s,s,s",云孙,云孙、八世孙
主要关系,"s,s,s,s,s,s,s,s,w",云孙媳妇,云孙媳妇
主要关系,"s,s,s,s,s,s,s,s,s",耳孙,耳孙、远孙、裔孙、季孙、九世孙
主要关系,"s,s,s,s,s,s,s,s,s,w",耳孙媳妇,耳孙媳妇
主要关系,"s,s,s,s,s,s,s,s,s,s",弥孙,弥孙、十世孙
主要关系,"s,s,s,s,s,s,s,s,s,s,w",弥孙媳妇,弥孙媳妇
主要关系,"s,s,s,s,s,s,s,s,s,s,s",胎孙,胎孙、十一世孙
主要关系,"s,s,s,s,s,s,s,s,s,s,s,w",胎孙媳妇,胎孙媳妇
主要关系,"s,s,s,s,s,s,s,s,s,s,s,s",承孙,承孙、十二世孙
主要关系,"s,s,s,s,s,s,s,s,s,s,s,s,w",承孙媳妇,承孙媳妇
主要关系,"s,s,s,s,s,s,s,s,s,s,s,d",承孙女,承孙女
主要关系,"s,s,s,s,s,s,s,s,s,s,s,d,h",承孙女婿,承孙女婿
主要关系,"s,s,s,s,s,s,s,s,s,s,d",胎孙女,胎孙女
主要关系,"s,s,s,s,s,s,s,s,s,s,d,h",胎孙女婿,胎孙女婿
主要关系,"s,s,s,s,s,s,s,s,s,s,d,s",承外孙,承外孙
主要关系,"s,s,s,s,s,s,s,s,s,s,d,s,w",承外孙媳妇,承外孙媳妇
主要关系,"s,s,s,s,s,s,s,s,s,s,d,d",承外孙女,承外孙女
主要关系,"s,s,s,s,s,s,s,s,s,s,d,d,h",承外孙女婿,承外孙女婿
主要关系,"s,s,s,s,s,s,s,s,s,d",弥孙女,弥孙女
主要关系,"s,s,s,s,s,s,s,s,s,d,h",弥孙女婿,弥孙女婿
主要关系,"s,s,s,s,s,s,s,s,s,d,s",胎外孙,胎外孙
主要关系,"s,s,s,s,s,s,s,s,s,d,s,w",胎外孙媳妇,胎外孙媳妇
主要关系,"s,s,s,s,s,s,s,s,s,d,d",胎外孙女,胎外孙女
主要关系,"s,s,s,s,s,s,s,s,s,d,d,h",胎外孙女婿,胎外孙女婿
主要关系,"s,s,s,s,s,s,s,s,d",耳孙女,耳孙女
主要关系,"s,s,s,s,s,s,s,s,d,h",耳孙女婿,耳孙女婿
主要关系,"s,s,s,s,s,s,s,s,d,s",弥外孙,弥外孙
主要关系,"s,s,s,s,s,s,s,s,d,s,w",弥外孙媳妇,弥外孙媳妇
主要关系,"s,s,s,s,s,s,s,s,d,d",弥外孙女,弥外孙女
主要关系,"s,s,s,s,s,s,s,s,d,d,h",弥外孙女婿,弥外孙女婿
主要关系,"s,s,s,s,s,s,s,d",云孙女,云孙女
主要关系,"s,s,s,s,s,s,s,d,h",云孙女婿,云孙女婿
主要关系,"s,s,s,s,s,s,s,d,s",耳外孙,耳外孙
主要关系,"s,s,s,s,s,s,s,d,s,w",耳外孙媳妇,耳外孙媳妇
主要关系,"s,s,s,s,s,s,s,d,d",耳外孙女,耳外孙女
主要关系,"s,s,s,s,s,s,s,d,d,h",耳外孙女婿,耳外孙女婿
主要关系,"s,s,s,s,s,s,d",仍孙女,仍孙女、礽孙女
主要关系,"s,s,s,s,s,s,d,h",仍孙女婿,仍孙女婿
主要关系,"s,s,s,s,s,s,d,s",云外孙,云外孙
主要关系,"s,s,s,s,s,s,d,s,w",云外孙媳妇,云外孙媳妇
主要关系,"s,s,s,s,s,s,d,d",云外孙女,云外孙女
主要关系,"s,s,s,s,s,s,d,d,h",云外孙女婿,云外孙女婿
主要关系,"s,s,s,s,s,d",晜孙女,晜孙女
主要关系,"s,s,s,s,s,d,h",晜孙女婿,晜孙女婿
主要关系,"s,s,s,s,s,d,s",仍外孙,仍外孙
主要关系,"s,s,s,s,s,d,s,w",仍外孙媳妇,仍外孙媳妇
主要关系,"s,s,s,s,s,d,d",仍外孙女,仍外孙女
主要关系,"s,s,s,s,s,d,d,h",仍外孙女婿,仍外孙女婿
主要关系,"s,s,s,s,d",来孙女,来孙女
主要关系,"s,s,s,s,d,h",来孙女婿,来孙女婿
主要关系,"s,s,s,s,d,s",晜外孙,晜外孙
主要关系,"s,s,s,s,d,s,w",晜外孙媳妇,晜外孙媳妇
主要关系,"s,s,s,s,d,d",晜外孙女,晜外孙女
主要关系,"s,s,s,s,d,d,h",晜外孙女婿,晜外孙女婿
主要关系,"s,s,s,d",玄孙女,玄孙女、元孙女、膀孙女
主要关系,"s,s,s,d,h",玄孙女婿,玄孙女婿
主要关系,"s,s,s,d,s",来外孙,来外孙
主要关系,"s,s,s,d,s,w",来外孙媳妇,来外孙媳妇
主要关系,"s,s,s,d,d",来外孙女,来外孙女
主要关系,"s,s,s,d,d,h",来外孙女婿,来外孙女婿
主要关系,"s,s,d",曾孙女,曾孙女、重孙女、息女
主要关系,"s,s,d,h",曾孙女婿,曾孙女婿
主要关系,"s,s,d,s",玄外孙,玄外孙
主要关系,"s,s,d,s,w",玄外孙媳妇,玄外孙媳妇
主要关系,"s,s,d,d",玄外孙女,玄外孙女
主要关系,"s,s,d,d,h",玄外孙女婿,玄外孙女婿
主要关系,"s,d",孙女,孙女、孙女儿、孙囡、孙囡儿、女孙、孙女子
主要关系,"s,d,h",孙女婿,孙女婿、孙婿、孙郎、孙息婿
主要关系,"s,d,s",曾外孙,曾外孙、外息仔
主要关系,"s,d,s,w",曾外孙媳妇,曾外孙媳妇
主要关系,"s,d,s,s",曾外曾孙,曾外曾孙
主要关系,"s,d,s,s,w",曾外曾孙媳妇,曾外曾孙媳妇
主要关系,"s,d,s,d",曾外曾孙女,曾外曾孙女
主要关系,"s,d,s,d,h",曾外曾孙女婿,曾外曾孙女婿
主要关系,"s,d,d",曾外孙女,曾外孙女、外息女
主要关系,"s,d,d,h",曾外孙女婿,曾外孙女婿
主要关系,"s,d,d,s",曾外曾外孙,曾外曾外孙
主要关系,"s,d,d,s,w",曾外曾外孙媳妇,曾外曾外孙媳妇
主要关系,"s,d,d,d",曾外曾外孙女,曾外曾外孙女
主要关系,"s,d,d,d,h",曾外曾外孙女婿,曾外曾外孙女婿
主要关系,d,女儿,女儿、千金、小姐、掌上明珠、息女、闺女、囡囡、囡女、囡儿、乖囡、囡嗯、丫头、姑娘、妮子、女亲、长女、次女、幼女、女、阿女、女女
主要关系,"d,h",女婿,女婿、姑爷、姑爷儿、女婿子、女婿儿、儿婿、子婿、息婿、小婿、快婿、郎婿、郎婿子、息婿儿、囝婿、囡婿、东床、半子、甥馆、女夫
主要关系,"d,h,f",亲家公,亲家公
主要关系,"d,h,f,f&o",姻伯,姻伯
主要关系,"d,h,f,f&l",姻叔,姻叔
主要关系,"d,h,m",亲家母,亲家母
主要关系,"d,h,xb",姻侄,姻侄、世侄
主要关系,"d,h,xb,w",姻侄媳,姻侄媳
主要关系,"d,h,xb,s",姻侄孙,姻侄孙
主要关系,"d,h,xb,d",姻侄孙女,姻侄孙女
主要关系,"d,h,xs",姻侄女,姻侄女
主要关系,"d,h,xs,h",姻侄婿,姻侄婿
主要关系,"d,h,xs,s",姻侄外孙,姻侄外孙
主要关系,"d,h,xs,d",姻侄外孙女,姻侄外孙女
主要关系,"d,s",外孙,外孙、外孙子、外孙儿
主要关系,"d,s,w",外孙媳妇,外孙媳妇、外孙妇、外孙新妇
主要关系,"d,s,s",外曾孙,外曾孙、重外孙、外息仔
主要关系,"d,s,s,w",外曾孙媳妇,外曾孙媳妇、外曾孙妇
主要关系,"d,s,s,s",外玄孙,外玄孙、外元孙、外膀孙
主要关系,"d,s,s,s,w",外玄孙媳妇,外玄孙媳妇
主要关系,"d,s,s,d",外玄孙女,外玄孙女、外元孙女、外膀孙女
主要关系,"d,s,s,d,h",外玄孙女婿,外玄孙女婿
主要关系,"d,s,d",外曾孙女,外曾孙女、重外孙女、外息女
主要关系,"d,s,d,h",外曾孙女婿,外曾孙女婿、重外孙女婿
主要关系,"d,s,d,s",外玄外孙,外玄外孙
主要关系,"d,s,d,s,w",外玄外孙媳妇,外玄外孙媳妇
主要关系,"d,s,d,d",外玄外孙女,外玄外孙女
主要关系,"d,s,d,d,h",外玄外孙女婿,外玄外孙女婿
主要关系,"d,d",外孙女,外孙女、外孙囡、外孙女儿
主要关系,"d,d,h",外孙女婿,外孙女婿、外孙婿、外孙郎
主要关系,"d,d,s",外曾外孙,外曾外孙、外息仔
主要关系,"d,d,s,w",外曾外孙媳妇,外曾外孙媳妇
主要关系,"d,d,s,s",外曾外曾孙,外曾外曾孙
主要关系,"d,d,s,s,w",外曾外曾孙媳妇,外曾外曾孙媳妇
主要关系,"d,d,s,d",外曾外曾孙女,外曾外曾孙女
主要关系,"d,d,s,d,h",外曾外曾孙女婿,外曾外曾孙女婿
主要关系,"d,d,d",外曾外孙女,外曾外孙女、外息女
主要关系,"d,d,d,h",外曾外孙女婿,外曾外孙女婿
主要关系,"d,d,d,s",外曾外曾外孙,外曾外曾外孙
主要关系,"d,d,d,s,w",外曾外曾外孙媳妇,外曾外曾外孙媳妇
主要关系,"d,d,d,d",外曾外曾外孙女,外曾外曾外孙女
主要关系,"d,d,d,d,h",外曾外曾外孙女婿,外曾外曾外孙女婿
主要关系,"1,xb,w,xb",叔眷兄弟,叔眷兄弟
主要关系,"1,xb,w,xb,s",叔眷舅男,叔眷舅男
主要关系,"1,xb,w,xb,d",叔眷舅女,叔眷舅女
主要关系,"1,xb,w,xs",叔眷姊妹,叔眷姊妹
主要关系,"1,xb,w,xs,s",叔眷姨男,叔眷姨男
主要关系,"1,xb,w,xs,d",叔眷姨女,叔眷姨女
主要关系,"1,xb,s",从男,从男、从子
主要关系,"1,xb,s,s",从孙,从孙
主要关系,"1,xb,s,s,s",从曾孙,从曾孙
主要关系,"1,xb,s,s,s,s",从玄孙,从玄孙
主要关系,"1,xb,s,w",从妇,从妇
主要关系,"1,xb,d",从女,从女、从子
主要关系,"1,xb,d,h",从婿,从婿
主要关系,"1,xs,h,xb",姑姻兄弟,姑姻兄弟
主要关系,"1,xs,h,xb,s",姑姻叔男,姑姻叔男
主要关系,"1,xs,h,xb,d",姑姻叔女,姑姻叔女
主要关系,"1,xs,h,xs",姑姻姊妹,姑姻姊妹
主要关系,"1,xs,h,xs,s",姑姻姑男,姑姻姑男
主要关系,"1,xs,h,xs,d",姑姻姑女,姑姻姑女
主要关系,"1,xs,s,s",离孙男,离孙男、离孙子
主要关系,"1,xs,s,d",离孙女,离孙女
主要关系,"0,xb,w,xb",舅眷兄弟,舅眷兄弟
主要关系,"0,xb,w,xb,s",舅眷舅男,舅眷舅男
主要关系,"0,xb,w,xb,d",舅眷舅女,舅眷舅女
主要关系,"0,xb,w,xs",舅眷姊妹,舅眷姊妹
主要关系,"0,xb,w,xs,s",舅眷姨男,舅眷姨男
主要关系,"0,xb,w,xs,d",舅眷姨女,舅眷姨女
主要关系,"0,xs,h,xb",姨姻兄弟,姨姻兄弟
主要关系,"0,xs,h,xb,s",姨姻叔男,姨姻叔男
主要关系,"0,xs,h,xb,d",姨姻叔女,姨姻叔女
主要关系,"0,xs,h,xs",姨姻姊妹,姨姻姊妹
主要关系,"0,xs,h,xs,s",姨姻姑男,姨姻姑男
主要关系,"0,xs,h,xs,d",姨姻姑女,姨姻姑女
主要关系,"0,xb,s",娘家侄子,娘家侄子、娘家侄
主要关系,"0,xb,s,s",归孙男,归孙男、归孙子
主要关系,"0,xb,s,d",归孙女,归孙女
主要关系,"0,xb,d",娘家侄女,娘家侄女
主要关系,"0,xs,s",姨甥,姨甥、姨甥男、从男、从子
主要关系,"0,xs,s,w",从妇,从妇
主要关系,"0,xs,d",姨甥女,姨甥女、从女、从子
主要关系,"0,xs,d,h",从婿,从婿
主要关系,"0,xs,s,s",姨甥孙,姨甥孙、姨孙、姨甥孙男、姨孙男
主要关系,"0,xs,s,d",姨甥孙女,姨甥孙女、姨孙女
主要关系,"0,xs,d,s",姨甥外孙,姨甥外孙、姨外孙、姨甥外孙男、姨外孙男
主要关系,"0,xs,d,d",姨甥外孙女,姨甥外孙女、姨外孙女
并称关系,"[f,f|f,m|m,f],[f,m],f",老太奶爷,老太奶爷、祖太奶爷
并称关系,"[f,f|f,m|m,f],[f,m],m",老太奶奶,老太奶奶、祖太奶奶
并称关系,"[f,m|m,f|m,m],[f,m],f",老太姥爷,老太姥爷、祖太姥爷
并称关系,"[f,m|m,f|m,m],[f,m],m",老太姥姥,老太姥姥、祖太姥姥
并称关系,"[f|m],[f|m],f",太老爷,太老爷
并称关系,"[f|m],[f|m],f,ob",伯太老爷,伯太老爷
并称关系,"[f|m],[f|m],f,ob,w",伯太老姥,伯太老姥
并称关系,"[f|m],[f|m],f,lb",叔太老爷,叔太老爷
并称关系,"[f|m],[f|m],f,lb,w",叔太老姥,叔太老姥
并称关系,"[f|m],[f|m],f,xs",姑太老姥,姑太老姥
并称关系,"[f|m],[f|m],f,xs,h",姑太老爷,姑太老爷
并称关系,"[f|m],[f|m],m",太老姥,太老姥
并称关系,"[f|m],[f|m],m,xb",舅太老爷,舅太老爷
并称关系,"[f|m],[f|m],m,xb,w",舅太老姥,舅太老姥
并称关系,"[f|m],[f|m],m,xs",姨太老姥,姨太老姥
并称关系,"[f|m],[f|m],m,xs,h",姨太老爷,姨太老爷
并称关系,"[f,f|f,m|m,f],f",太奶爷,太奶爷、祖奶爷、祖爷爷
并称关系,"[f,f|f,m|m,f],f,ob",伯太奶爷,伯太奶爷、太伯奶爷
并称关系,"[f,f|f,m|m,f],f,ob,w",伯太奶奶,伯太奶奶、太伯奶奶
并称关系,"[f,f|f,m|m,f],f,lb",叔太奶爷,叔太奶爷、太叔奶爷
并称关系,"[f,f|f,m|m,f],f,lb,w",叔太奶奶,叔太奶奶、太叔奶奶
并称关系,"[f,f|f,m|m,f],f,xs",姑太奶奶,姑太奶奶、太姑奶奶
并称关系,"[f,f|f,m|m,f],f,xs,h",姑太奶爷,姑太奶爷、太姑奶爷
并称关系,"[f,f|f,m|m,f],m",太奶奶,太奶奶、祖奶奶
并称关系,"[f,f|f,m|m,f],m,xb",舅太奶爷,舅太奶爷、太舅奶爷
并称关系,"[f,f|f,m|m,f],m,xb,w",舅太奶奶,舅太奶奶、太舅奶奶
并称关系,"[f,f|f,m|m,f],m,xs",姨太奶奶,姨太奶奶、太姨奶奶
并称关系,"[f,f|f,m|m,f],m,xs,h",姨太奶爷,姨太奶爷、太姨奶爷
并称关系,"[f,m|m,f|m,m],f",太姥爷,太姥爷、祖姥爷、太毑爷
并称关系,"[f,m|m,f|m,m],f,ob",伯太姥爷,伯太姥爷、伯叔姥爷
并称关系,"[f,m|m,f|m,m],f,ob,w",伯太姥姥,伯太姥姥、太伯姥姥
并称关系,"[f,m|m,f|m,m],f,lb",叔太姥爷,叔太姥爷、太叔姥爷
并称关系,"[f,m|m,f|m,m],f,lb,w",叔太姥姥,叔太姥姥、太叔姥姥
并称关系,"[f,m|m,f|m,m],f,xs",姑太姥姥,姑太姥姥、太姑姥姥
并称关系,"[f,m|m,f|m,m],f,xs,h",姑太姥爷,姑太姥爷、太姑姥爷
并称关系,"[f,m|m,f|m,m],m",太姥姥,太姥姥、祖姥姥、太毑毑、太姥
并称关系,"[f,m|m,f|m,m],m,xb",舅太姥爷,舅太姥爷、太舅姥爷
并称关系,"[f,m|m,f|m,m],m,xb,w",舅太姥姥,舅太姥姥、太舅姥姥
并称关系,"[f,m|m,f|m,m],m,xs",姨太姥姥,姨太姥姥、太姨姥姥
并称关系,"[f,m|m,f|m,m],m,xs,h",姨太姥爷,姨太姥爷、太姨姥爷
并称关系,"[f|m],[f|m],[f|m]",曾祖辈,曾祖辈、祖祖、老太、阿太
并称关系,"[f|m],[f|m]",祖辈,祖辈
并称关系,"[f|m],f",老爷,老爷
并称关系,"[f|m],f,ob",伯老爷,伯老爷
并称关系,"[f|m],f,ob,w",伯老姥,伯老姥
并称关系,"[f|m],f,lb",叔老爷,叔老爷
并称关系,"[f|m],f,lb,w",叔老姥,叔老姥
并称关系,"[f|m],f,xs",姑老姥,姑老姥
并称关系,"[f|m],f,xs,h",姑老爷,姑老爷
并称关系,"[f|m],m",老姥,老姥
并称关系,"[f|m],m,xb",舅老爷,舅老爷
并称关系,"[f|m],m,xb,w",舅老姥,舅老姥
并称关系,"[f|m],m,xs",姨老姥,姨老姥
并称关系,"[f|m],m,xs,h",姨老爷,姨老爷
并称关系,"f,f,[f|m]",曾祖父母,曾祖父母
并称关系,"f,f,[f,xs|m,xb],s",舅姑爷爷,舅姑爷爷、舅姑爷
并称关系,"f,[f|m]",祖父母,祖父母、爷爷奶奶
并称关系,"f,[ob|ob,w]",伯父母,伯父母
并称关系,"f,[lb|lb,w]",叔父母,叔父母
并称关系,"f,xb,[s|d]",堂兄弟姐妹,堂兄弟姐妹、堂姐妹兄弟、从父兄弟姐妹
并称关系,"f,[xs|xs,h]",姑父母,姑父母
并称关系,"f,xs,[s|d]",姑表兄弟姐妹,姑表兄弟姐妹
并称关系,"m,[f|m],f",老外公,老外公、老外爷、老姥爷
并称关系,"m,[f|m],m,",老外婆,老外婆、老外奶、老姥姥、老姥娘、老嫏娘
并称关系,"m,[f|m]",外祖父母,外祖父母、外公外婆、姥姥姥爷
并称关系,"m,f,[f,xs|m,xb],s",舅姑姥爷,舅姑姥爷
并称关系,"m,[xb|xb,w]",舅父母,舅父母
并称关系,"m,xb,[s|d]",舅表兄弟姐妹,舅表兄弟姐妹
并称关系,"m,[xs|xs,h]",姨父母,姨父母
并称关系,"m,xs,[s|d]",姨兄弟姐妹,姨兄弟姐妹、姨姐妹兄弟、从母兄弟姐妹
并称关系,[f|m],父母,父母、爹娘、爹妈、爸妈、爸爸妈妈、父母亲、双亲、二亲、两亲、二老、高堂
并称关系,"[f|m],[f,xs|m,xb],s",舅姑爸,舅姑爸、姑舅爸
并称关系,"[f|m],[f,xs|m,xb],s&o,w",舅姑姆,舅姑姆、姑舅姆
并称关系,"[f|m],[f,xs|m,xb],s&l,w",舅姑婶,舅姑婶、姑舅婶
并称关系,"[f|m],[f,xs|m,xb],d",姑舅娘娘,姑舅娘娘
并称关系,"[f|m],m,xs,s",两姨爸,两姨爸
并称关系,"[f|m],m,xs,s&o,w",两姨姆,两姨姆
并称关系,"[f|m],m,xs,s&l,w",两姨婶,两姨婶
并称关系,"[f|m],m,xs,d",两姨娘娘,两姨娘娘
并称关系,"w,[f|m]",岳父母,岳父母、岳父岳母、丈人丈母、舅姑
并称关系,"w,f,[ob|ob,w]",伯岳父母,伯岳父母
并称关系,"w,f,[lb|lb,w]",叔岳父母,叔岳父母
并称关系,"w,f,[xs|xs,h]",姑岳父母,姑岳父母
并称关系,"w,m,[xb|xb,w]",舅岳父母,舅岳父母
并称关系,"w,m,[xs|xs,h]",姨岳父母,姨岳父母
并称关系,"w,[f,xs|m,xb],d",姑舅姨子,姑舅姨子
并称关系,"w,[f,xs|m,xb],d,h",姑舅连襟,姑舅连襟、姑舅连桥
并称关系,"h,[f|m]",公婆,公婆、翁姑、姑翁、姑舅、大家官、公公婆婆、姑章、姑嫜
并称关系,"h,f,[ob|ob,w]",伯公婆,伯公婆
并称关系,"h,f,[lb|lb,w]",叔公婆,叔公婆
并称关系,"h,f,[xs|xs,h]",姑公婆,姑公婆
并称关系,"h,m,[xb|xb,w]",舅公婆,舅公婆
并称关系,"h,m,[xs|xs,h]",姨公婆,姨公婆
并称关系,[xb|xs],兄弟姐妹,兄弟姐妹、同胞、同胞兄弟姐妹、手足
并称关系,[ob|os],哥哥姐姐,哥哥姐姐
并称关系,[lb|ls],弟弟妹妹,弟弟妹妹
并称关系,"[ob|ob,w]",哥哥嫂嫂,哥哥嫂嫂、兄嫂
并称关系,"[f,xb|m,xs],[s|d]",从兄弟姐妹,从兄弟姐妹、从姐妹兄弟
并称关系,"[f,xs|m,xb],[s|d]",表兄弟姐妹,表兄弟姐妹、表姐妹兄弟、老表、阿表
并称关系,"[f,xs|m,xb],s",姑舅兄弟,姑舅兄弟、舅姑兄弟
并称关系,"[f,xs|m,xb],s&o",姑舅哥,姑舅哥、姑舅哥哥
并称关系,"[f,xs|m,xb],s&l",姑舅弟,姑舅弟、姑舅弟弟
并称关系,"[f,xs|m,xb],d",姑舅姊妹,姑舅姊妹、舅姑姊妹
并称关系,"[f,xs|m,xb],d&o",姑舅姐,姑舅姐、姑舅姐姐
并称关系,"[f,xs|m,xb],d&l",姑舅妹,姑舅妹、姑舅妹妹
并称关系,"[f,xs|m,xb],s,s",姑舅儿子,姑舅儿子
并称关系,"[f,xs|m,xb],s,d",姑舅女儿,姑舅女儿
并称关系,"[xb|xs],[s|d]",侄甥,侄甥
并称关系,"xb,[s|d]",侄子女,侄子女、侄子侄女
并称关系,"xs,[s|d]",甥子女,甥子女、外甥子女
并称关系,[w|s|d],妻儿,妻儿、妻小
并称关系,[w|d],妻女,妻女
并称关系,[s|d],子女,子女、儿女、仔女、小孩、孩子、孩子们、孩儿、小孩儿、宝宝、宝贝、娃、娃子、儿辈、子辈、细伢、伢子、子息、子嗣、崽、幺儿
并称关系,"[s|d],[s|d]",孙辈,孙辈、孙息、孙枝
并称关系,"s,[s|d]",孙子女,孙子女
并称关系,"d,[s|d]",外孙子女,外孙子女
并称关系,"s#xb,s",子侄,子侄
并称关系,"s#s,w",子媳,子媳
并称关系,"[s|d]#[s|d],[s|d]",儿孙,儿孙、子孙、孙息
并称关系,"[s,w|d,h],[f|m]",亲家,亲家、儿女亲家
并称关系,"[s,w|d,h],f",亲家公,亲家公、亲家父、亲家翁、亲家世翁、姻翁
并称关系,"[s,w|d,h],f,f",太姻翁,太姻翁
并称关系,"[s,w|d,h],f,m",太姻姆,太姻姆
并称关系,"[s,w|d,h],f,f,f",太姻翁,太姻翁
并称关系,"[s,w|d,h],f,f,m",太姻姆,太姻姆
并称关系,"[s,w|d,h],f,f,ob",姻伯翁,姻伯翁
并称关系,"[s,w|d,h],f,f,ob,w",姻伯姆,姻伯姆
并称关系,"[s,w|d,h],f,f,lb",姻叔翁,姻叔翁
并称关系,"[s,w|d,h],f,f,lb,w",姻叔母,姻叔母
并称关系,"[s,w|d,h],f,f,xb,s&o",姻家兄,姻家兄
并称关系,"[s,w|d,h],f,f,xb,s&o,w",姻家兄妇,姻家兄妇
并称关系,"[s,w|d,h],f,f,xb,s&l",姻家弟,姻家弟
并称关系,"[s,w|d,h],f,f,xb,s&l,w",姻家弟妇,姻家弟妇
并称关系,"[s,w|d,h],f,f,xb,s,s",姻家侄,姻家侄
并称关系,"[s,w|d,h],f,f,xb,s,s,w",姻家侄妇,姻家侄妇
并称关系,"[s,w|d,h],f,ob",姻兄,姻兄
并称关系,"[s,w|d,h],f,ob,w",姻兄妇,姻兄妇
并称关系,"[s,w|d,h],f,lb",姻弟,姻弟
并称关系,"[s,w|d,h],f,lb,w",姻弟妇,姻弟妇
并称关系,"[s,w|d,h],f,xb,s",姻侄,姻侄
并称关系,"[s,w|d,h],f,xb,s,w",姻侄妇,姻侄妇
并称关系,"[s,w|d,h],m",亲家母,亲家母、亲家婆、亲家姆、亲姆、姻姆
并称关系,"[s,w|d,h],m,ob",姻仁兄,姻仁兄
并称关系,"[s,w|d,h],m,ob,w",姻仁兄妇,姻仁兄妇
并称关系,"[s,w|d,h],m,lb",姻仁弟,姻仁弟
并称关系,"[s,w|d,h],m,lb,w",姻仁弟妇,姻仁弟妇
并称关系,"[s,w|d,h],[f|m],f",姻太翁,姻太翁
并称关系,"[s,w|d,h],[f|m],m",姻太姆,姻太姆
关系合称,f#s,父子,父子
关系合称,m#s,母子,母子
关系合称,f#d,父女,父女
关系合称,m#d,母女,母女
关系合称,h#w,夫妻,夫妻
关系合称,ob#lb,兄弟,兄弟
关系合称,ob#ls,兄妹,兄妹
关系合称,os#ls,姐妹,姐妹
关系合称,os#lb,姐弟,姐弟
关系合称,"w,f#d,h",翁婿,翁婿
关系合称,"w,m#d,h",母婿,母婿
关系合称,"h,f#s,w",翁媳,翁媳
关系合称,"h,m#s,w",婆媳,婆媳
关系合称,"f,[f|m]#s,[s|d]",祖孙,祖孙
关系合称,"m,f#d,[s|d]",公孙,公孙
关系合称,"m,m#d,[s|d]",婆孙,婆孙
关系合称,"f,[ob|ob,w]#[lb|h,lb],[s|d]",伯侄,伯侄
关系合称,"f,lb#ob,[s|d]",叔侄,叔侄
关系合称,"f,lb,w#h,ob,[s|d]",婶侄,婶侄
关系合称,"f,[xs|xs,h]#[xb|w,xb],[s|d]",姑侄,姑侄
关系合称,"m,[xb|xb,w]#[xs|h,xs],[s|d]",舅甥,舅甥
关系合称,"m,[xs|xs,h]#[xs|w,xs],[s|d]",姨甥,姨甥
关系合称,"f,xb,s&o#f,xb,s&l",堂兄弟,堂兄弟
关系合称,"f,xb,s&o#f,xb,d&l",堂兄妹,堂兄妹
关系合称,"f,xb,d&o#f,xb,s&l",堂姐弟,堂姐弟
关系合称,"f,xb,d&o#f,xb,d&l",堂姐妹,堂姐妹
关系合称,"f,xs,s&o#m,xb,s&l",表兄弟,表兄弟
关系合称,"m,xb,s&o#f,xs,s&l",表兄弟,表兄弟
关系合称,"f,xs,s&o#m,xb,d&l",表兄妹,表兄妹
关系合称,"m,xb,s&o#f,xs,d&l",表兄妹,表兄妹
关系合称,"f,xs,d&o#m,xb,d&l",表姐妹,表姐妹
关系合称,"m,xb,d&o#f,xs,d&l",表姐妹,表姐妹
关系合称,"f,xs,d&o#m,xb,s&l",表姐弟,表姐弟
关系合称,"m,xb,d&o#f,xs,s&l",表姐弟,表姐弟
关系合称,"m,xs,s&o#m,xs,s&l",姨兄弟,姨兄弟
关系合称,"m,xs,s&o#m,xs,d&l",姨兄妹,姨兄妹
关系合称,"m,xs,d&o#m,xs,s&l",姨姐弟,姨姐弟
关系合称,"m,xs,d&o#m,xs,d&l",姨姐妹,姨姐妹
关系合称,"h,ob,w#h,lb,w",妯娌,妯娌
关系合称,"w,os,h#w,ls,h",连襟,连襟
关系合称,"w,os#ls,h",襟姐弟,襟姐弟
关系合称,"w,ls#os,h",襟兄妹,襟兄妹
关系合称,"xs,h#w,xb",郎舅,郎舅
关系合称,"xs,h#w,xs",郎姨,郎姨
关系合称,"lb,w#h,ob",伯媳,伯媳
关系合称,"ob,w#h,lb",叔嫂,叔嫂
关系合称,"xb,w#h,xs",姑嫂,姑嫂
关系合称,"xs,h,xb#xb,w,xb",姻兄弟,姻兄弟
关系合称,"d,h,[f|m]#s,w,[f|m]",儿女亲家,儿女亲家
输入关系,xb,兄弟,兄弟、亲兄弟、同胞兄弟
输入关系,"xb,w",兄弟媳妇,兄弟媳妇、兄弟妇
输入关系,xs,姐妹,姐妹、亲姐妹、同胞姐妹
输入关系,"xs,h",姐妹夫,姐妹夫、姊妹婿
输入关系,"f,xb",伯叔父,伯叔父
输入关系,"f,xb,w",伯叔母,伯叔母
输入关系,"f,f,xb",从祖祖父,从祖祖父、从祖父
输入关系,"f,f,xb,w",从祖祖母,从祖祖母、从祖母
输入关系,"m,f,xb",外从祖祖父,外从祖祖父
输入关系,"m,f,xb,w",外从祖祖母,外从祖祖母
输入关系,"h,xb",伯叔,伯叔
输入关系,"h,xb,w",妯娌,妯娌、娣姒、娣姒姊妹、婶子
分支关系,"{G2},s",父,父
分支关系,"{G2},s,w",母,母
分支关系,"{G2},s,s",兄弟,兄弟
分支关系,"{G2},s,s&o",兄,兄
分支关系,"{G2},s,s&l",弟,弟
分支关系,"{G2},s,s,s",男,男、子
分支关系,"{G2},s,s,d",女,女
分支关系,"{G2},s,d",姊妹,姊妹
分支关系,"{G2},s,d&o",姊,姊
分支关系,"{G2},s,d&l",妹,妹
分支关系,"f,f,f,f,f,f,f,f,[{G1M}|{G1W},h]",鼻祖父,鼻祖父
分支关系,"f,f,f,f,f,f,f,f,[{G1M},w|{G1W}]",鼻祖母,鼻祖母
分支关系,"f,f,f,f,f,f,f,[{G1M}|{G1W},h]",远祖父,远祖父
分支关系,"f,f,f,f,f,f,f,[{G1M},w|{G1W}]",远祖母,远祖母
分支关系,"f,f,f,f,f,f,[{G1M}|{G1W},h]",太祖父,太祖父
分支关系,"f,f,f,f,f,f,[{G1M},w|{G1W}]",太祖母,太祖母
分支关系,"f,f,f,f,f,[{G1M}|{G1W},h]",烈祖父,烈祖父
分支关系,"f,f,f,f,f,[{G1M},w|{G1W}]",烈祖母,烈祖母
分支关系,"f,f,f,f,[{G1M}|{G1W},h]",天祖父,天祖父
分支关系,"f,f,f,f,[{G1M},w|{G1W}]",天祖母,天祖母
分支关系,"f,f,f,[{G1M}|{G1W},h]",高祖父,高祖父、外曾外曾外毑父
分支关系,"f,f,f,[{G1M},w|{G1W}]",高祖母,高祖母、外曾外曾外毑母
分支关系,"f,f,m,[{G1M}|{G1W},h]",高外祖父,高外祖父、外曾外曾毑父
分支关系,"f,f,m,[{G1M},w|{G1W}]",高外祖母,高外祖母、外曾外曾毑母
分支关系,"f,m,f,[{G1M}|{G1W},h]",曾外曾祖父,曾外曾祖父、外高外毑父
分支关系,"f,m,f,[{G1M},w|{G1W}]",曾外曾祖母,曾外曾祖母、外高外毑母
分支关系,"f,m,m,[{G1M}|{G1W},h]",曾外曾外祖父,曾外曾外祖父、外高毑父
分支关系,"f,m,m,[{G1M},w|{G1W}]",曾外曾外祖母,曾外曾外祖母、外高毑母
分支关系,"m,f,f,[{G1M}|{G1W},h]",外高祖父,外高祖父、曾外曾外毑父
分支关系,"m,f,f,[{G1M},w|{G1W}]",外高祖母,外高祖母、曾外曾外毑母
分支关系,"m,f,m,[{G1M}|{G1W},h]",外高外祖父,外高外祖父、曾外曾祖毑父
分支关系,"m,f,m,[{G1M},w|{G1W}]",外高外祖母,外高外祖母、曾外曾祖毑母
分支关系,"m,m,f,[{G1M}|{G1W},h]",外曾外曾祖父,外曾外曾祖父、高外毑父
分支关系,"m,m,f,[{G1M},w|{G1W}]",外曾外曾祖母,外曾外曾祖母、高外毑母
分支关系,"m,m,m,[{G1M}|{G1W},h]",外曾外曾外祖父,外曾外曾外祖父、高毑父
分支关系,"m,m,m,[{G1M},w|{G1W}]",外曾外曾外祖母,外曾外曾外祖母、高毑母
分支关系,"f,f,[{G1M}|{G1W},h]",?曾祖父,?曾祖父、曾?祖父、?太公、太?公、?公太、太?爷、?太爷、?太爷爷、太?爷爷
分支关系,"f,f,[{G1M},w|{G1W}]",?曾祖母,?曾祖母、曾?祖母、?太婆、太?婆、?婆太、太?奶、?太奶、?太奶奶、太?奶奶
分支关系,"f,m,[{G1M}|{G1W},h]",?曾外祖父,?曾外祖父、曾外?祖父、?太外公、太外?公、太外?爷、?太外爷、?太外爷爷、太外?爷爷
分支关系,"f,m,[{G1M},w|{G1W}]",?曾外祖母,?曾外祖母、曾外?祖母、?太外婆、太外?婆、太外?奶、?太外奶、?太外奶奶、太外?奶奶
分支关系,"m,f,[{G1M}|{G1W},h]",?外曾祖父,?外曾祖父、外曾?祖父、?外太公、外太?公、外太?爷、?外太爷、?外太爷爷、外太?爷爷
分支关系,"m,f,[{G1M},w|{G1W}]",?外曾祖母,?外曾祖母、外曾?祖母、?外太婆、外太?婆、外太?奶、?外太奶、?外太奶奶、外太?奶奶
分支关系,"m,m,[{G1M}|{G1W},h]",?外曾外祖父,?外曾外祖父、外曾外?祖父、?外太外公、外太外?公、外太外?爷、?外太外爷、?外太外爷爷、外太外?爷爷
分支关系,"m,m,[{G1M},w|{G1W}]",?外曾外祖母,?外曾外祖母、外曾外?祖母、?外太外婆、外太外?婆、外太外?奶、?外太外奶、?外太外奶奶、外太外?奶奶
分支关系,"f,[{G1M}|{G1W},h]",祖父,祖父、公、太?父、奶爷、爷爷、爷
分支关系,"f,[{G1M},w|{G1W}]",祖母,祖母、婆、太?母、奶奶、奶
分支关系,"m,[{G1M}|{G1W},h]",外祖父,外祖父、外公、外爷、外?公、外?祖父、外太?父、太外?父、姥爷、姥公、毑公、毑爷、毑父、嘎公
分支关系,"m,[{G1M},w|{G1W}]",外祖母,外祖母、外婆、外奶、外?婆、外?祖母、外太?母、太外?母、姥姥、姥婆、毑婆、毑毑、毑母、嘎嘎
分支关系,"f,f,{G1},s&o",伯祖父,伯祖父、伯爷爷
分支关系,"f,f,{G1},s&o,w",伯祖母,伯祖母、伯奶奶
分支关系,"f,f,{G1},s&l",叔祖父,叔祖父、叔爷爷
分支关系,"f,f,{G1},s&l,w",叔祖母,叔祖母、叔奶奶
分支关系,"f,f,{G1},d",姑祖母,姑祖母、姑奶奶
分支关系,"f,f,{G1},d,h",姑祖父,姑祖父、姑爷爷
分支关系,"f,m,{G1},s",舅祖父,舅祖父、舅爷爷
分支关系,"f,m,{G1},s,w",舅祖母,舅祖母、舅奶奶
分支关系,"f,m,{G1},d",姨祖母,姨祖母、姨奶奶
分支关系,"f,m,{G1},d,h",姨祖父,姨祖父、姨爷爷
分支关系,"m,f,{G1},s&o",伯外祖父,伯外祖父、伯外公、伯姥爷
分支关系,"m,f,{G1},s&o,w",伯外祖母,伯外祖母、伯外婆、伯姥姥
分支关系,"m,f,{G1},s&l",叔外祖父,叔外祖父、叔外公、叔姥爷
分支关系,"m,f,{G1},s&l,w",叔外祖母,叔外祖母、叔外婆、叔姥姥
分支关系,"m,f,{G1},d",姑外祖母,姑外祖母、姑外婆、姑姥姥
分支关系,"m,f,{G1},d,h",姑外祖父,姑外祖父、姑外公、姑姥爷
分支关系,"m,m,{G1},s",舅外祖父,舅外祖父、舅外公、舅姥爷
分支关系,"m,m,{G1},s,w",舅外祖母,舅外祖母、舅外婆、舅姥姥
分支关系,"m,m,{G1},d",姨外祖母,姨外祖母、姨外公、姨姥爷
分支关系,"m,m,{G1},d,h",姨外祖父,姨外祖父、姨外婆、姨姥姥
分支关系,"{G1M}#{G1W},h",父,父
分支关系,"{G1M},w#{G1W}",母,母
分支关系,"f,{G1},s&o",伯父,伯父、伯伯、伯、大爷
分支关系,"f,{G1},s&o,w",伯母,伯母、大娘
分支关系,"f,{G1},s&l",叔父,叔父、叔爸、叔叔、叔
分支关系,"f,{G1},s&l,w",叔母,叔母、婶
分支关系,"f,{G1},d",姑母,姑母、姑姑、姑妈、姑
分支关系,"f,{G1},d,h",姑父,姑父、姑丈、姑爸、姑夫
分支关系,"m,{G1},s",舅父,舅父、舅舅、舅爸、舅
分支关系,"m,{G1},s,w",舅母,舅母、舅妈
分支关系,"m,{G1},d",姨母,姨母、姨姨、姨妈、姨
分支关系,"m,{G1},d,h",姨父,姨父、姨丈、姨爸、姨夫
分支关系,"{G1},s",兄弟,兄弟
分支关系,"{G1},s,w",兄弟妇,兄弟妇
分支关系,"{G1},s&o",哥,哥、哥哥、阿哥
分支关系,"{G1},s&o,w",嫂,嫂、嫂子、兄妇
分支关系,"{G1},s&l",弟,弟、弟弟、阿弟
分支关系,"{G1},s&l,w",弟媳,弟媳、弟妇
分支关系,"{G1},s,s",侄男,侄男、侄子、侄儿
分支关系,"{G1},s,s,w",侄妇,侄妇
分支关系,"{G1},s,s,s",侄孙男,侄孙男
分支关系,"{G1},s,s,s,w",侄孙妇,侄孙妇
分支关系,"{G1},s,s,s,s",侄曾孙男,侄曾孙男
分支关系,"{G1},s,s,s,s,w",侄曾孙妇,侄曾孙妇
分支关系,"{G1},s,s,s,s,s",侄玄孙男,侄玄孙男
分支关系,"{G1},s,s,s,s,s,w",侄玄孙妇,侄玄孙妇
分支关系,"{G1},s,s,s,s,d",侄玄孙女,侄玄孙女
分支关系,"{G1},s,s,s,s,d,h",侄玄孙婿,侄玄孙婿
分支关系,"{G1},s,s,d",侄孙女,侄孙女
分支关系,"{G1},s,s,d,h",侄孙婿,侄孙婿
分支关系,"{G1},s,s,s,d",侄曾孙女,侄曾孙女
分支关系,"{G1},s,s,s,d,h",侄曾孙婿,侄曾孙婿
分支关系,"{G1},s,d",侄女,侄女、侄女儿
分支关系,"{G1},s,d,h",侄婿,侄婿
分支关系,"{G1},s,d,s",侄外孙男,侄外孙男、外孙男
分支关系,"{G1},s,d,s,w",侄外孙妇,侄外孙妇
分支关系,"{G1},s,d,d",侄外孙女,侄外孙女、外孙女
分支关系,"{G1},s,d,d,h",侄外孙婿,侄外孙婿
分支关系,"{G1},d",姐妹,姐妹
分支关系,"{G1},d,h",姐妹壻,姐妹壻
分支关系,"{G1},d&o",姐,姐、姐姐、阿姐
分支关系,"{G1},d&o,h",姐夫,姐夫
分支关系,"{G1},d&l",妹,妹、妹妹、阿妹
分支关系,"{G1},d&l,h",妹夫,妹夫
分支关系,"{G1},d,s",甥男,甥男
分支关系,"{G1},d,s,w",甥妇,甥妇
分支关系,"{G1},d,s,s",甥孙男,甥孙男
分支关系,"{G1},d,s,s,w",甥孙妇,甥孙妇
分支关系,"{G1},d,s,d",甥孙女,甥孙女
分支关系,"{G1},d,s,d,h",甥孙婿,甥孙婿
分支关系,"{G1},d,d",甥女,甥女
分支关系,"{G1},d,d,h",甥婿,甥婿
分支关系,"{G1},d,d,s",甥外孙男,甥外孙男、外孙男
分支关系,"{G1},d,d,s,w",甥外孙妇,甥外孙妇
分支关系,"{G1},d,d,d",甥外孙女,甥外孙女、外孙女
分支关系,"{G1},d,d,d,h",甥外孙婿,甥外孙婿
分支关系,"h,f,[{G1M}|{G1W},h]",祖公父,祖公父、祖公、祖翁、奶公
分支关系,"h,f,[{G1M},w|{G1W}]",祖婆母,祖婆母、祖婆、祖姆、奶婆
分支关系,"h,m,[{G1M}|{G1W},h]",外祖公父,外祖公父、外祖公、外祖翁、姥公
分支关系,"h,m,[{G1M},w|{G1W}]",外祖婆母,外祖婆母、外祖婆、外祖姆、姥婆
分支关系,"h,[{G1M}|{G1W},h]",公父,公父、公公
分支关系,"h,[{G1M},w|{G1W}]",婆母,婆母、婆婆
分支关系,"h,{G1},s&o",大伯子,大伯子、大伯兄
分支关系,"h,{G1},s&o,w",大婶子,大婶子、大伯嫂
分支关系,"h,{G1},s&l",小叔子,小叔子、小叔弟
分支关系,"h,{G1},s&l,w",小婶子,小婶子、小叔弟妇
分支关系,"h,{G1},s",伯叔,伯叔
分支关系,"h,{G1},s,w",妯娌,妯娌
分支关系,"h,{G1},d&o",大姑子,大姑子、大姑姐
分支关系,"h,{G1},d&o,h",大姑夫,大姑夫、大姑姐夫
分支关系,"h,{G1},d&l",小姑子,小姑子、小姑妹
分支关系,"h,{G1},d&l,h",小姑夫,小姑夫、小姑妹夫
分支关系,"h,{G1},d",姑子,姑子
分支关系,"h,{G1},d,h",姑夫,姑夫
分支关系,"w,f,[{G1M}|{G1W},h]",祖岳父,祖岳父、太?岳、祖丈人、爷丈人、奶爷丈人
分支关系,"w,f,[{G1M},w|{G1W}]",祖岳母,祖岳母、太?岳母、祖丈母、祖丈母娘、奶丈母娘、奶丈母
分支关系,"w,m,[{G1M}|{G1W},h]",外祖岳父,外祖岳父、外太?岳父、太外?岳父、外祖丈人、姥爷丈人
分支关系,"w,m,[{G1M},w|{G1W}]",外祖岳母,外祖岳母、外太?岳母、太外?岳母、外祖丈母、外祖丈母娘、姥丈母娘、姥丈母
分支关系,"w,[{G1M}|{G1W},h]",岳父,岳父、丈人、丈人爹
分支关系,"w,[{G1M},w|{G1W}]",岳母,岳母、丈母、丈母娘
分支关系,"w,{G1},s&o",大舅子,大舅子、大舅兄、舅兄
分支关系,"w,{G1},s&o,w",大舅妇,大舅妇、大舅姆、大舅兄妇、舅兄妇、舅姐、大舅姐、大妗子、大妗儿
分支关系,"w,{G1},s&l",小舅子,小舅子、小舅弟、舅弟
分支关系,"w,{G1},s&l,w",小舅妇,小舅妇、小舅姆、小舅弟妇、舅弟妇、舅妹、小舅妹、小妗子、小妗儿
分支关系,"w,{G1},s",舅子,舅子
分支关系,"w,{G1},s,w",舅嫂,舅嫂
分支关系,"w,{G1},d&o",大姨子,大姨子、大姨姐、姨姐
分支关系,"w,{G1},d&o,h",大姨夫,大姨夫、大姨姐夫、襟兄、姨兄、大姨哥、大尹子
分支关系,"w,{G1},d&l",小姨子,小姨子、小姨妹、姨妹
分支关系,"w,{G1},d&l,h",小姨夫,小姨夫、小姨妹夫、襟弟、姨弟、小姨弟、小尹子
分支关系,"w,{G1},d",姨子,姨子
分支关系,"w,{G1},d,h",连襟,连襟、连桥
分支关系,"{G0},s",男,男、男儿、儿、子、儿子
分支关系,"{G0},s,w",媳妇,媳妇、媳、妇
分支关系,"{G0},s,s",孙,孙、孙男、孙子
分支关系,"{G0},s,s,w",孙妇,孙妇
分支关系,"{G0},s,s,s",曾孙,曾孙、曾孙男
分支关系,"{G0},s,s,s,w",曾孙妇,曾孙妇
分支关系,"{G0},s,s,s,s",玄孙,玄孙、玄孙男、元孙、元孙男
分支关系,"{G0},s,s,s,s,w",玄孙妇,玄孙妇
分支关系,"{G0},s,s,s,d",玄孙女,玄孙女、元孙女
分支关系,"{G0},s,s,s,d,h",玄孙婿,玄孙婿
分支关系,"{G0},s,s,d",曾孙女,曾孙女
分支关系,"{G0},s,s,d,h",曾孙婿,曾孙婿
分支关系,"{G0},s,s,d,s",玄外孙,玄外孙、玄外孙男
分支关系,"{G0},s,s,d,s,w",玄外孙妇,玄外孙妇
分支关系,"{G0},s,s,d,d",玄外孙女,玄外孙女
分支关系,"{G0},s,s,d,d,h",玄外孙婿,玄外孙婿
分支关系,"{G0},s,d",孙女,孙女
分支关系,"{G0},s,d,h",孙婿,孙婿
分支关系,"{G0},s,d,s",曾外孙,曾外孙、曾外孙男
分支关系,"{G0},s,d,s,w",曾外孙妇,曾外孙妇
分支关系,"{G0},s,d,s,s",曾外曾孙,曾外曾孙、曾外曾孙男
分支关系,"{G0},s,d,s,s,w",曾外曾孙妇,曾外曾孙妇
分支关系,"{G0},s,d,s,d",曾外曾孙女,曾外曾孙女
分支关系,"{G0},s,d,s,d,h",曾外曾孙婿,曾外曾孙婿
分支关系,"{G0},s,d,d",曾外孙女,曾外孙女
分支关系,"{G0},s,d,d,h",曾外孙婿,曾外孙婿
分支关系,"{G0},s,d,d,s",曾外曾外孙,曾外曾外孙、曾外曾外孙男
分支关系,"{G0},s,d,d,s,w",曾外曾外孙妇,曾外曾外孙妇
分支关系,"{G0},s,d,d,d",曾外曾外孙女,曾外曾外孙女
分支关系,"{G0},s,d,d,d,h",曾外曾外孙婿,曾外曾外孙婿
分支关系,"{G0},d",女,女、女儿
分支关系,"{G0},d,h",女婿,女婿、婿
分支关系,"{G0},d,s",外孙,外孙、外孙男
分支关系,"{G0},d,s,w",外孙妇,外孙妇
分支关系,"{G0},d,s,s",外曾孙,外曾孙、外曾孙男
分支关系,"{G0},d,s,s,w",外曾孙妇,外曾孙妇
分支关系,"{G0},d,s,s,s",外玄孙,外玄孙、外玄孙男
分支关系,"{G0},d,s,s,d",外玄孙女,外玄孙女
分支关系,"{G0},d,s,d",外曾孙女,外曾孙女
分支关系,"{G0},d,s,d,h",外曾孙婿,外曾孙婿
分支关系,"{G0},d,s,d,s",外玄外孙,外玄外孙、外玄外孙男
分支关系,"{G0},d,s,d,d",外玄外孙女,外玄外孙女
分支关系,"{G0},d,d",外孙女,外孙女
分支关系,"{G0},d,d,h",外孙婿,外孙婿
分支关系,"{G0},d,d,s",外曾外孙,外曾外孙、外曾外孙男
分支关系,"{G0},d,d,s,w",外曾外孙妇,外曾外孙妇
分支关系,"{G0},d,d,s,s",外曾外曾孙,外曾外曾孙、外曾外曾孙男
分支关系,"{G0},d,d,s,d",外曾外曾孙女,外曾外曾孙女
分支关系,"{G0},d,d,d",外曾外孙女,外曾外孙女
分支关系,"{G0},d,d,d,h",外曾外孙婿,外曾外孙婿
分支关系,"{G0},d,d,d,s",外曾外曾外孙,外曾外曾外孙
分支关系,"{G0},d,d,d,d",外曾外曾外孙女,外曾外曾外孙女
分支关系,"{M2W},xb",舅祖父,舅祖父
分支关系,"{M2W},xb,w",舅祖母,舅祖母
分支关系,"{M2W},xb,s&o",舅表伯父,舅表伯父
分支关系,"{M2W},xb,s&o,w",舅表伯母,舅表伯母
分支关系,"{M2W},xb,s&l",舅表叔父,舅表叔父
分支关系,"{M2W},xb,s&l,w",舅表叔母,舅表叔母
分支关系,"{M2W},xb,d",舅表姑母,舅表姑母
分支关系,"{M2W},xb,d,h",舅表姑父,舅表姑父
分支关系,"{M2W},xs",姨祖母,姨祖母
分支关系,"{M2W},xs,h",姨祖父,姨祖父
分支关系,"{M2W},xs,s&o",姨伯父,姨伯父
分支关系,"{M2W},xs,s&o,w",姨伯母,姨伯母
分支关系,"{M2W},xs,s&l",姨叔父,姨叔父
分支关系,"{M2W},xs,s&l,w",姨叔母,姨叔母
分支关系,"{M2W},xs,d",姨姑母,姨姑母
分支关系,"{M2W},xs,d,h",姨姑父,姨姑父
分支关系,"{M2M},xb",叔祖父,叔祖父
分支关系,"{M2M},xb,w",叔祖母,叔祖母
分支关系,"{M2M},xb,s&o",堂伯父,堂伯父
分支关系,"{M2M},xb,s&o,w",堂伯母,堂伯母
分支关系,"{M2M},xb,s&l",堂叔父,堂叔父
分支关系,"{M2M},xb,s&l,w",堂叔母,堂叔母
分支关系,"{M2M},xb,d",堂姑母,堂姑母
分支关系,"{M2M},xb,d,h",堂姑父,堂姑父
分支关系,"{M2M},xs",姑祖母,姑祖母
分支关系,"{M2M},xs,h",姑祖父,姑祖父
分支关系,"{M2M},xs,s&o",姑表伯父,姑表伯父
分支关系,"{M2M},xs,s&o,w",姑表伯母,姑表伯母
分支关系,"{M2M},xs,s&l",姑表叔父,姑表叔父
分支关系,"{M2M},xs,s&l,w",姑表叔母,姑表叔母
分支关系,"{M2M},xs,d",姑表姑母,姑表姑母
分支关系,"{M2M},xs,d,h",姑表姑父,姑表姑父
分支关系,"{M1W},f",外祖父,外祖父
分支关系,"{M1W},f,xb,s",堂舅父,堂舅父
分支关系,"{M1W},f,xb,s,w",堂舅母,堂舅母
分支关系,"{M1W},f,xb,d",堂姨母,堂姨母
分支关系,"{M1W},f,xb,d,h",堂姨父,堂姨父
分支关系,"{M1W},f,ob",伯外祖父,伯外祖父
分支关系,"{M1W},f,ob,w",伯外祖母,伯外祖母
分支关系,"{M1W},f,lb",叔外祖父,叔外祖父
分支关系,"{M1W},f,lb,w",叔外祖母,叔外祖母
分支关系,"{M1W},f,xs",姑外祖母,姑外祖母
分支关系,"{M1W},f,xs,h",姑外祖父,姑外祖父
分支关系,"{M1W},f,xs,s",姑表舅父,姑表舅父
分支关系,"{M1W},f,xs,s,w",姑表舅母,姑表舅母
分支关系,"{M1W},f,xs,d",姑表姨母,姑表姨母
分支关系,"{M1W},f,xs,d,h",姑表姨父,姑表姨父
分支关系,"{M1W},m",外祖母,外祖母
分支关系,"{M1W},m,xb",舅外祖父,舅外祖父
分支关系,"{M1W},m,xb,w",舅外祖母,舅外祖母
分支关系,"{M1W},m,xb,s",舅表舅父,舅表舅父
分支关系,"{M1W},m,xb,s,w",舅表舅母,舅表舅母
分支关系,"{M1W},m,xb,d",舅表姨母,舅表姨母
分支关系,"{M1W},m,xb,d,h",舅表姨父,舅表姨父
分支关系,"{M1W},m,xs",姨外祖母,姨外祖母
分支关系,"{M1W},m,xs,h",姨外祖父,姨外祖父
分支关系,"{M1W},m,xs,s",姨舅父,姨舅父
分支关系,"{M1W},m,xs,s,w",姨舅母,姨舅母
分支关系,"{M1W},m,xs,d",姨姨母,姨姨母
分支关系,"{M1W},m,xs,d,h",姨姨父,姨姨父
分支关系,"{M1W},xb",舅父,舅父
分支关系,"{M1W},xb,w",舅母,舅母
分支关系,"{M1W},xb,[s|d]",舅表兄弟姊妹,舅表兄弟姊妹
分支关系,"{M1W},xb,s",舅表兄弟,舅表兄弟
分支关系,"{M1W},xb,s,w",舅表兄弟妇,舅表兄弟妇
分支关系,"{M1W},xb,s&o",舅表兄,舅表兄
分支关系,"{M1W},xb,s&o,w",舅表兄妇,舅表兄妇
分支关系,"{M1W},xb,s&l",舅表弟,舅表弟
分支关系,"{M1W},xb,s&l,w",舅表弟妇,舅表弟妇
分支关系,"{M1W},xb,s,s",舅表侄男,舅表侄男、侄男
分支关系,"{M1W},xb,s,s,w",舅表侄妇,舅表侄妇、侄妇
分支关系,"{M1W},xb,s,d",舅表侄女,舅表侄女、侄女
分支关系,"{M1W},xb,s,d,h",舅表侄婿,舅表侄婿、侄婿
分支关系,"{M1W},xb,d",舅表姊妹,舅表姊妹
分支关系,"{M1W},xb,d,h",舅表姊妹壻,舅表姊妹壻
分支关系,"{M1W},xb,d&o",舅表姊,舅表姊
分支关系,"{M1W},xb,d&o,h",舅表姊壻,舅表姊壻
分支关系,"{M1W},xb,d&l",舅表妹,舅表妹
分支关系,"{M1W},xb,d&l,h",舅表妹壻,舅表妹壻
分支关系,"{M1W},xb,d,s",舅表甥男,舅表甥男、甥男
分支关系,"{M1W},xb,d,s,w",舅表甥妇,舅表甥妇、甥妇
分支关系,"{M1W},xb,d,d",舅表甥女,舅表甥女、甥女
分支关系,"{M1W},xb,d,d,h",舅表甥婿,舅表甥婿、甥婿
分支关系,"{M1W},xs",姨母,姨母、姨妈
分支关系,"{M1W},xs,h",姨父,姨父、姨丈、姨夫
分支关系,"{M1W},xs,[s|d]",姨表兄弟姊妹,姨表兄弟姊妹
分支关系,"{M1W},xs,s",姨表兄弟,姨表兄弟
分支关系,"{M1W},xs,s,w",姨表兄弟妇,姨表兄弟妇
分支关系,"{M1W},xs,s&o",姨表兄,姨表兄
分支关系,"{M1W},xs,s&o,w",姨表兄妇,姨表兄妇
分支关系,"{M1W},xs,s&l",姨表弟,姨表弟
分支关系,"{M1W},xs,s&l,w",姨表弟妇,姨表弟妇
分支关系,"{M1W},xs,s,s",姨表侄男,姨表侄男、侄男
分支关系,"{M1W},xs,s,s,w",姨表侄妇,姨表侄妇、侄妇
分支关系,"{M1W},xs,s,d",姨表侄女,姨表侄女、侄女
分支关系,"{M1W},xs,s,d,h",姨表侄婿,姨表侄婿、侄婿
分支关系,"{M1W},xs,d",姨表姊妹,姨表姊妹
分支关系,"{M1W},xs,d,h",姨表姊妹壻,姨表姊妹壻
分支关系,"{M1W},xs,d&o",姨表姊,姨表姊
分支关系,"{M1W},xs,d&o,h",姨表姊壻,姨表姊壻
分支关系,"{M1W},xs,d&l",姨表妹,姨表妹
分支关系,"{M1W},xs,d&l,h",姨表妹壻,姨表妹壻
分支关系,"{M1W},xs,d,s",姨表甥男,姨表甥男、甥男
分支关系,"{M1W},xs,d,s,w",姨表甥妇,姨表甥妇、甥妇
分支关系,"{M1W},xs,d,d",姨表甥女,姨表甥女、甥女
分支关系,"{M1W},xs,d,d,h",姨表甥婿,姨表甥婿、甥婿
分支关系,"{M1M},f",祖父,祖父
分支关系,"{M1M},f,xb,s&o",堂伯父,堂伯父
分支关系,"{M1M},f,xb,s&o,w",堂伯母,堂伯母
分支关系,"{M1M},f,xb,s&l",堂叔父,堂叔父
分支关系,"{M1M},f,xb,s&l,w",堂叔母,堂叔母
分支关系,"{M1M},f,xb,d",堂姑母,堂姑母
分支关系,"{M1M},f,xb,d,h",堂姑父,堂姑父
分支关系,"{M1M},f,ob",伯祖父,伯祖父
分支关系,"{M1M},f,ob,w",伯祖母,伯祖母
分支关系,"{M1M},f,lb",叔祖父,叔祖父
分支关系,"{M1M},f,lb,w",叔祖母,叔祖母
分支关系,"{M1M},f,xs",姑祖母,姑祖母
分支关系,"{M1M},f,xs,h",姑祖父,姑祖父
分支关系,"{M1M},f,xs,s&o",姑表伯父,姑表伯父
分支关系,"{M1M},f,xs,s&o,w",姑表伯母,姑表伯母
分支关系,"{M1M},f,xs,s&l",姑表叔父,姑表叔父
分支关系,"{M1M},f,xs,s&l,w",姑表叔母,姑表叔母
分支关系,"{M1M},f,xs,d",姑表姑母,姑表姑母
分支关系,"{M1M},f,xs,d,h",姑表姑父,姑表姑父
分支关系,"{M1M},m",祖母,祖母
分支关系,"{M1M},m,xb",舅祖父,舅祖父
分支关系,"{M1M},m,xb,w",舅祖母,舅祖母
分支关系,"{M1M},m,xb,s&o",舅表伯父,舅表伯父
分支关系,"{M1M},m,xb,s&o,w",舅表伯母,舅表伯母
分支关系,"{M1M},m,xb,s&l",舅表叔父,舅表叔父
分支关系,"{M1M},m,xb,s&l,w",舅表叔母,舅表叔母
分支关系,"{M1M},m,xb,d",舅表姑母,舅表姑母
分支关系,"{M1M},m,xb,d,h",舅表姑父,舅表姑父
分支关系,"{M1M},m,xs",姨祖母,姨祖母
分支关系,"{M1M},m,xs,h",姨祖父,姨祖父
分支关系,"{M1M},m,xs,s&o",姨伯父,姨伯父
分支关系,"{M1M},m,xs,s&o,w",姨伯母,姨伯母
分支关系,"{M1M},m,xs,s&l",姨叔父,姨叔父
分支关系,"{M1M},m,xs,s&l,w",姨叔母,姨叔母
分支关系,"{M1M},m,xs,d",姨姑母,姨姑母
分支关系,"{M1M},m,xs,d,h",姨姑父,姨姑父
分支关系,"{M1M},xb",叔伯父,叔伯父
分支关系,"{M1M},xb,w",叔伯母,叔伯母
分支关系,"{M1M},ob",伯父,伯父
分支关系,"{M1M},ob,w",伯母,伯母
分支关系,"{M1M},lb",叔父,叔父
分支关系,"{M1M},lb,w",叔母,叔母
分支关系,"{M1M},xb,[s|d]",叔表兄弟姊妹,叔表兄弟姊妹
分支关系,"{M1M},xb,s",叔表兄弟,叔表兄弟
分支关系,"{M1M},xb,s,w",叔表兄弟妇,叔表兄弟妇
分支关系,"{M1M},xb,s&o",叔表兄,叔表兄
分支关系,"{M1M},xb,s&o,w",叔表兄妇,叔表兄妇
分支关系,"{M1M},xb,s&l",叔表弟,叔表弟
分支关系,"{M1M},xb,s&l,w",叔表弟妇,叔表弟妇
分支关系,"{M1M},xb,s,s",叔表侄男,叔表侄男、侄男
分支关系,"{M1M},xb,s,s,w",叔表侄妇,叔表侄妇、侄妇
分支关系,"{M1M},xb,s,d",叔表侄女,叔表侄女、侄女
分支关系,"{M1M},xb,s,d,h",叔表侄婿,叔表侄婿、侄婿
分支关系,"{M1M},xb,d",叔表姊妹,叔表姊妹
分支关系,"{M1M},xb,d,h",叔表姊妹壻,叔表姊妹壻
分支关系,"{M1M},xb,d&o",叔表姊,叔表姊
分支关系,"{M1M},xb,d&o,h",叔表姊壻,叔表姊壻
分支关系,"{M1M},xb,d&l",叔表妹,叔表妹
分支关系,"{M1M},xb,d&l,h",叔表妹壻,叔表妹壻
分支关系,"{M1M},xb,d,s",叔表甥男,叔表甥男、甥男
分支关系,"{M1M},xb,d,s,w",叔表甥妇,叔表甥妇、甥妇
分支关系,"{M1M},xb,d,d",叔表甥女,叔表甥女、甥女
分支关系,"{M1M},xb,d,d,h",叔表甥婿,叔表甥婿、甥婿
分支关系,"{M1M},xs",姑母,姑母、姑妈
分支关系,"{M1M},xs,h",姑父,姑父、姑丈、姑夫
分支关系,"{M1M},xs,[s|d]",姑表兄弟姊妹,姑表兄弟姊妹
分支关系,"{M1M},xs,s",姑表兄弟,姑表兄弟
分支关系,"{M1M},xs,s,w",姑表兄弟妇,姑表兄弟妇
分支关系,"{M1M},xs,s&o",姑表兄,姑表兄
分支关系,"{M1M},xs,s&o,w",姑表兄妇,姑表兄妇
分支关系,"{M1M},xs,s&l",姑表弟,姑表弟
分支关系,"{M1M},xs,s&l,w",姑表弟妇,姑表弟妇
分支关系,"{M1M},xs,s,s",姑表侄男,姑表侄男、侄男
分支关系,"{M1M},xs,s,s,w",姑表侄妇,姑表侄妇、侄妇
分支关系,"{M1M},xs,s,d",姑表侄女,姑表侄女、侄女
分支关系,"{M1M},xs,s,d,h",姑表侄婿,姑表侄婿、侄婿
分支关系,"{M1M},xs,d",姑表姊妹,姑表姊妹
分支关系,"{M1M},xs,d,h",姑表姊妹壻,姑表姊妹壻
分支关系,"{M1M},xs,d&o",姑表姊,姑表姊
分支关系,"{M1M},xs,d&o,h",姑表姊壻,姑表姊壻
分支关系,"{M1M},xs,d&l",姑表妹,姑表妹
分支关系,"{M1M},xs,d&l,h",姑表妹壻,姑表妹壻
分支关系,"{M1M},xs,d,s",姑表甥男,姑表甥男、甥男
分支关系,"{M1M},xs,d,s,w",姑表甥妇,姑表甥妇、甥妇
分支关系,"{M1M},xs,d,d",姑表甥女,姑表甥女、甥女
分支关系,"{M1M},xs,d,d,h",姑表甥婿,姑表甥婿、甥婿
分支关系,"{M0},f",父,父
分支关系,"{M0},f,f",祖父,祖父
分支关系,"{M0},f,f,ob",伯祖父,伯祖父
分支关系,"{M0},f,f,ob,w",伯祖母,伯祖母
分支关系,"{M0},f,f,lb",叔祖父,叔祖父
分支关系,"{M0},f,f,lb,w",叔祖母,叔祖母
分支关系,"{M0},f,f,xs",姑祖母,姑祖母
分支关系,"{M0},f,f,xs,h",姑祖父,姑祖父
分支关系,"{M0},f,m",祖母,祖母
分支关系,"{M0},f,m,xb",舅祖父,舅祖父
分支关系,"{M0},f,m,xb,w",舅祖母,舅祖母
分支关系,"{M0},f,m,xs",姨祖母,姨祖母
分支关系,"{M0},f,m,xs,h",姨祖父,姨祖父
分支关系,"{M0},f,ob",伯父,伯父
分支关系,"{M0},f,ob,w",伯母,伯母
分支关系,"{M0},f,lb",叔父,叔父
分支关系,"{M0},f,lb,w",叔母,叔母
分支关系,"{M0},f,xb,[s|d]",叔表兄弟姊妹,叔表兄弟姊妹、叔表姊妹兄弟
分支关系,"{M0},f,xb,s",叔表兄弟,叔表兄弟
分支关系,"{M0},f,xb,s,w",叔表兄弟妇,叔表兄弟妇
分支关系,"{M0},f,xb,s&o",叔表兄,叔表兄
分支关系,"{M0},f,xb,s&o,w",叔表兄妇,叔表兄妇
分支关系,"{M0},f,xb,s&l",叔表弟,叔表弟
分支关系,"{M0},f,xb,s&l,w",叔表弟妇,叔表弟妇
分支关系,"{M0},f,xb,d",叔表姊妹,叔表姊妹
分支关系,"{M0},f,xb,d,h",叔表姊妹壻,叔表姊妹壻
分支关系,"{M0},f,xb,d&o",叔表姊,叔表姊
分支关系,"{M0},f,xb,d&o,h",叔表姊壻,叔表姊壻
分支关系,"{M0},f,xb,d&l",叔表妹,叔表妹
分支关系,"{M0},f,xb,d&l,h",叔表妹壻,叔表妹壻
分支关系,"{M0},f,xs",姑母,姑母、姑妈
分支关系,"{M0},f,xs,h",姑父,姑父、姑丈、姑夫
分支关系,"{M0},f,xs,[s|d]",姑表兄弟姊妹,姑表兄弟姊妹、姑表姊妹兄弟
分支关系,"{M0},f,xs,s",姑表兄弟,姑表兄弟
分支关系,"{M0},f,xs,s,w",姑表兄弟妇,姑表兄弟妇
分支关系,"{M0},f,xs,s&o",姑表兄,姑表兄
分支关系,"{M0},f,xs,s&o,w",姑表兄妇,姑表兄妇
分支关系,"{M0},f,xs,s&l",姑表弟,姑表弟
分支关系,"{M0},f,xs,s&l,w",姑表弟妇,姑表弟妇
分支关系,"{M0},f,xs,d",姑表姊妹,姑表姊妹
分支关系,"{M0},f,xs,d,h",姑表姊妹壻,姑表姊妹壻
分支关系,"{M0},f,xs,d&o",姑表姊,姑表姊
分支关系,"{M0},f,xs,d&o,h",姑表姊壻,姑表姊壻
分支关系,"{M0},f,xs,d&l",姑表妹,姑表妹
分支关系,"{M0},f,xs,d&l,h",姑表妹壻,姑表妹壻
分支关系,"{M0},m",母,母
分支关系,"{M0},m,f",外祖父,外祖父
分支关系,"{M0},m,f,ob",伯外祖父,伯外祖父
分支关系,"{M0},m,f,ob,w",伯外祖母,伯外祖母
分支关系,"{M0},m,f,lb",叔外祖父,叔外祖父
分支关系,"{M0},m,f,lb,w",叔外祖母,叔外祖母
分支关系,"{M0},m,f,xs",姑外祖母,姑外祖母
分支关系,"{M0},m,f,xs,h",姑外祖父,姑外祖父
分支关系,"{M0},m,m",外祖母,外祖母
分支关系,"{M0},m,m,xb",舅外祖父,舅外祖父
分支关系,"{M0},m,m,xb,w",舅外祖母,舅外祖母
分支关系,"{M0},m,m,xs",姨外祖母,姨外祖母
分支关系,"{M0},m,m,xs,h",姨外祖父,姨外祖父
分支关系,"{M0},m,xb",舅父,舅父
分支关系,"{M0},m,xb,w",舅母,舅母
分支关系,"{M0},m,xb,[s|d]",舅表兄弟姊妹,舅表兄弟姊妹、舅表姊妹兄弟
分支关系,"{M0},m,xb,s",舅表兄弟,舅表兄弟
分支关系,"{M0},m,xb,s,w",舅表兄弟妇,舅表兄弟妇
分支关系,"{M0},m,xb,s&o",舅表兄,舅表兄
分支关系,"{M0},m,xb,s&o,w",舅表兄妇,舅表兄妇
分支关系,"{M0},m,xb,s&l",舅表弟,舅表弟
分支关系,"{M0},m,xb,s&l,w",舅表弟妇,舅表弟妇
分支关系,"{M0},m,xb,d",舅表姊妹,舅表姊妹
分支关系,"{M0},m,xb,d,h",舅表姊妹壻,舅表姊妹壻
分支关系,"{M0},m,xb,d&o",舅表姊,舅表姊
分支关系,"{M0},m,xb,d&o,h",舅表姊壻,舅表姊壻
分支关系,"{M0},m,xb,d&l",舅表妹,舅表妹
分支关系,"{M0},m,xb,d&l,h",舅表妹壻,舅表妹壻
分支关系,"{M0},m,xs",姨母,姨母、姨妈
分支关系,"{M0},m,xs,h",姨父,姨父、姨丈、姨夫
分支关系,"{M0},m,xs,[s|d]",姨兄弟姊妹,姨兄弟姊妹、姨姊妹兄弟
分支关系,"{M0},m,xs,s",姨兄弟,姨兄弟
分支关系,"{M0},m,xs,s,w",姨兄弟妇,姨兄弟妇
分支关系,"{M0},m,xs,s&o",姨兄,姨兄
分支关系,"{M0},m,xs,s&o,w",姨兄妇,姨兄妇
分支关系,"{M0},m,xs,s&l",姨弟,姨弟
分支关系,"{M0},m,xs,s&l,w",姨弟妇,姨弟妇
分支关系,"{M0},m,xs,d",姨姊妹,姨姊妹
分支关系,"{M0},m,xs,d,h",姨姊妹壻,姨姊妹壻
分支关系,"{M0},m,xs,d&o",姨姊,姨姊
分支关系,"{M0},m,xs,d&o,h",姨姊壻,姨姊壻
分支关系,"{M0},m,xs,d&l",姨妹,姨妹
分支关系,"{M0},m,xs,d&l,h",姨妹壻,姨妹壻
分支关系,"{M0},xb",兄弟,兄弟
分支关系,"{M0},xb,w",兄弟妇,兄弟妇
分支关系,"{M0},xb&o",兄,兄
分支关系,"{M0},xb&o,w",兄妇,兄妇、兄嫂、嫂子
分支关系,"{M0},xb&l",弟,弟
分支关系,"{M0},xb&l,w",弟妇,弟妇、弟妹
分支关系,"{M0},xb,s",侄男,侄男、侄子、侄儿
分支关系,"{M0},xb,s,w",侄妇,侄妇
分支关系,"{M0},xb,d",侄女,侄女
分支关系,"{M0},xb,d,h",侄婿,侄婿
分支关系,"{M0},xs",姊妹,姊妹
分支关系,"{M0},xs,h",姊妹壻,姊妹壻
分支关系,"{M0},xs&o",姊,姊
分支关系,"{M0},xs&o,h",姊壻,姊壻、姐夫
分支关系,"{M0},xs&l",妹,妹
分支关系,"{M0},xs&l,h",妹壻,妹壻、妹夫
分支关系,"{M0},xs,s",甥男,甥男
分支关系,"{M0},xs,s,w",甥妇,甥妇
分支关系,"{M0},xs,d",甥女,甥女
分支关系,"{M0},xs,d,h",甥婿,甥婿
分支关系,"{M-1},f",兄弟,兄弟
分支关系,"{M-1},f&o",兄,兄
分支关系,"{M-1},f&l",弟,弟
分支关系,"{M-1},f,f",父,父
分支关系,"{M-1},f,f,f",祖父,祖父
分支关系,"{M-1},f,f,m",祖母,祖母
分支关系,"{M-1},f,f,ob",伯父,伯父
分支关系,"{M-1},f,f,ob,w",伯母,伯母
分支关系,"{M-1},f,f,lb",叔父,叔父
分支关系,"{M-1},f,f,lb,w",叔母,叔母
分支关系,"{M-1},f,m",母,母
分支关系,"{M-1},f,m,f",外祖父,外祖父
分支关系,"{M-1},f,m,m",外祖母,外祖母
分支关系,"{M-1},f,xb",叔兄弟,叔兄弟
分支关系,"{M-1},f,xb,w",叔兄弟妇,叔兄弟妇
分支关系,"{M-1},f,ob",叔兄,叔兄
分支关系,"{M-1},f,ob,w",叔兄妇,叔兄妇
分支关系,"{M-1},f,lb",叔弟,叔弟
分支关系,"{M-1},f,lb,w",叔弟妇,叔弟妇
分支关系,"{M-1},f,xb,s",叔男,叔男
分支关系,"{M-1},f,xb,d",叔女,叔女
分支关系,"{M-1},f,xs",姑姊妹,姑姊妹
分支关系,"{M-1},f,xs,h",姑姊妹壻,姑姊妹壻
分支关系,"{M-1},f,os",姑姊,姑姊
分支关系,"{M-1},f,os,h",姑姊壻,姑姊壻
分支关系,"{M-1},f,ls",姑妹,姑妹
分支关系,"{M-1},f,ls,h",姑妹壻,姑妹壻
分支关系,"{M-1},f,xs,s",姑男,姑男
分支关系,"{M-1},f,xs,d",姑女,姑女
分支关系,"{M-1},m",姊妹,姊妹
分支关系,"{M-1},m&o",姊,姊
分支关系,"{M-1},m&l",妹,妹
分支关系,"{M-1},m,f",父,父
分支关系,"{M-1},m,f,f",祖父,祖父
分支关系,"{M-1},m,f,m",祖母,祖母
分支关系,"{M-1},m,m",母,母
分支关系,"{M-1},m,m,f",外祖父,外祖父
分支关系,"{M-1},m,m,m",外祖母,外祖母
分支关系,"{M-1},m,xb",舅兄弟,舅兄弟
分支关系,"{M-1},m,xb,w",舅兄弟妇,舅兄弟妇
分支关系,"{M-1},m,ob",舅兄,舅兄
分支关系,"{M-1},m,ob,w",舅兄妇,舅兄妇
分支关系,"{M-1},m,lb",舅弟,舅弟
分支关系,"{M-1},m,lb,w",舅弟妇,舅弟妇
分支关系,"{M-1},m,xb,s",舅男,舅男
分支关系,"{M-1},m,xb,d",舅女,舅女
分支关系,"{M-1},m,xs",姨姊妹,姨姊妹
分支关系,"{M-1},m,xs,h",姨姊妹壻,姨姊妹壻
分支关系,"{M-1},m,os",姨姊,姨姊
分支关系,"{M-1},m,os,h",姨姊壻,姨姊壻
分支关系,"{M-1},m,ls",姨妹,姨妹
分支关系,"{M-1},m,ls,h",姨妹壻,姨妹壻
分支关系,"{M-1},m,xs,s",姨男,姨男
分支关系,"{M-1},m,xs,d",姨女,姨女
分支关系,"{M-1},xb",男,男
分支关系,"{M-1},xb,w",妇,妇
分支关系,"{M-1},xb,s",孙男,孙男
分支关系,"{M-1},xb,s,w",孙妇,孙妇
分支关系,"{M-1},xb,d",孙女,孙女
分支关系,"{M-1},xb,d,h",孙婿,孙婿
分支关系,"{M-1},xs",女,女
分支关系,"{M-1},xs,h",婿,婿
分支关系,"{M-1},xs,s",外孙男,外孙男
分支关系,"{M-1},xs,s,w",外孙妇,外孙妇
分支关系,"{M-1},xs,d",外孙女,外孙女
分支关系,"{M-1},xs,d,h",外孙婿,外孙婿
分支关系,"{M-2},f",男,男
分支关系,"{M-2},m",女,女
分支关系,"{M-2},[f|m],f&o",兄,兄
分支关系,"{M-2},[f|m],f&l",弟,弟
分支关系,"{M-2},[f|m],m&o",姊,姊
分支关系,"{M-2},[f|m],m&l",妹,妹
分支关系,"{M-2},xb",孙男,孙男
分支关系,"{M-2},xb,w",孙妇,孙妇
分支关系,"{M-2},xs",孙女,孙女
分支关系,"{M-2},xs,h",孙婿,孙婿
分支前缀,"f,f,xb",从祖,从祖
分支前缀,"m,f,xb",外从祖,外从祖
分支前缀,"f,xb",堂,堂、同堂、亲堂、从父、叔伯、堂房、从
分支前缀,"f,xs",姑表,姑表、姑家
分支前缀,"m,xb",舅表,舅表、舅家
分支前缀,"m,xs",姨,姨、从母、两姨、姨表、从
分支前缀,"f,f,xb,s",从堂,从堂、再从父、远堂、堂叔伯、叔伯叔伯、再从
分支前缀,"f,f,xb,d",堂姑表,堂姑表、从父姑表
分支前缀,"f,f,xs,s",姑表叔表,姑表叔表
分支前缀,"f,f,xs,d",姑表姑表,姑表姑表
分支前缀,"f,m,xb,s",舅表叔表,舅表叔表
分支前缀,"f,m,xb,d",舅表姑表,舅表姑表
分支前缀,"f,m,xs,s",从母叔表,从母叔表
分支前缀,"f,m,xs,d",从母姑表,从母姑表
分支前缀,"m,f,xb,s",堂舅表,堂舅表、从父舅表
分支前缀,"m,f,xb,d",堂姨表,堂姨表、从父姨表
分支前缀,"m,f,xs,s",姑表舅表,姑表舅表
分支前缀,"m,f,xs,d",姑表姨表,姑表姨表
分支前缀,"m,m,xb,s",舅表舅表,舅表舅表
分支前缀,"m,m,xb,d",舅表姨表,舅表姨表
分支前缀,"m,m,xs,s",从母舅表,从母舅表
分支前缀,"m,m,xs,d",再从母,再从母、姨姨、再从
分支前缀,"f,f,f,xb,s,s",三从父,三从父、再从堂、远堂、族、三从
分支前缀,"m,m,m,xs,d,d",三从母,三从母、三从
分支前缀,"f,f,f,f,xb,s,s,s",四从父,四从父、三从堂、远堂、族、四从
分支前缀,"m,m,m,m,xs,d,d,d",四从母,四从母、四从
分支前缀,"[f|m],[f|m],[f|m],[f,xs|m,xb],[s|d],[s|d],[s|d]",重表,重表
分支前缀,"[f|m],[f|m],[f,xs|m,xb],[s|d],[s|d]",重表,重表
分支前缀,"f,ob",伯,伯
分支前缀,"f,lb",叔,叔、仲、季
分支前缀,"m,xb",舅,舅
分支前缀,"f,f,xb,s",堂,堂、从父、叔伯、从
分支前缀,"f,f,xb,s&o",堂伯,堂伯、从父伯、叔伯伯、从伯
分支前缀,"f,f,xb,s&l",堂叔,堂叔、从父叔、叔伯叔、从叔
分支前缀,"f,f,f,xb,s,s",从堂,从堂
分支前缀,"f,f,f,xb,s,s&o",从堂伯,从堂伯
分支前缀,"f,f,f,xb,s,s&l",从堂叔,从堂叔
分支前缀,"f,f,f,f,xb,s,s,s",族,族
分支前缀,"f,f,xs,s&o",姑表伯,姑表伯
分支前缀,"f,f,xs,s&l",姑表叔,姑表叔
分支前缀,"f,m,xb,s&o",舅表伯,舅表伯
分支前缀,"f,m,xb,s&l",舅表叔,舅表叔
分支前缀,"f,m,xs,s&o",姨伯,姨伯、从母伯、从伯
分支前缀,"f,m,xs,s&l",姨叔,姨叔、从母叔、从叔
分支前缀,"m,f,xb,s",堂舅,堂舅、从父舅、叔伯舅
分支前缀,"m,f,xs,s",姑表舅,姑表舅
分支前缀,"m,m,xb,s",舅表舅,舅表舅
分支前缀,"m,m,xs,s",姨舅,姨舅、从母舅
分支前缀,"f,[f|m],[f|m],[f,xs|m,xb],[s|d],[s|d],s&o",重表伯,重表伯
分支前缀,"f,[f|m],[f|m],[f,xs|m,xb],[s|d],[s|d],s&l",重表叔,重表叔
分支前缀,"f,[f|m],[f,xs|m,xb],[s|d],s&o",重表伯,重表伯
分支前缀,"f,[f|m],[f,xs|m,xb],[s|d],s&l",重表叔,重表叔
分支前缀,"m,[f|m],[f|m],[f,xs|m,xb],[s|d],[s|d],s",重表舅,重表舅
分支前缀,"m,[f|m],[f,xs|m,xb],[s|d],s",重表舅,重表舅
分支前缀,"f,xs",姑,姑
分支前缀,"m,xs",姨,姨、姏、茙、荻
分支前缀,"f,f,xb,d",堂姑,堂姑、从父姑
分支前缀,"f,f,f,xb,s,d",从堂姑,从堂姑
分支前缀,"f,f,xs,d",姑表姑,姑表姑
分支前缀,"f,m,xb,d",舅表姑,舅表姑
分支前缀,"f,m,xs,d",姨姑,姨姑、从母姑
分支前缀,"m,f,xb,d",堂姨,堂姨、从父姨、叔伯姨
分支前缀,"m,f,xs,d",姑表姨,姑表姨
分支前缀,"m,m,xb,d",舅表姨,舅表姨
分支前缀,"m,m,xs,d",姨姨,姨姨、从母姨
分支前缀,"f,[f|m],[f|m],[f,xs|m,xb],[s|d],[s|d],d",重表姑,重表姑
分支前缀,"f,[f|m],[f,xs|m,xb],[s|d],d",重表姑,重表姑
分支前缀,"m,[f|m],[f|m],[f,xs|m,xb],[s|d],[s|d],d",重表姨,重表姨
分支前缀,"m,[f|m],[f,xs|m,xb],[s|d],d",重表姨,重表姨
分支前缀,xb,侄,侄
分支前缀,"1,xb",从,从
分支前缀,"1,f,xb,s",再从,再从
分支前缀,"1,f,f,xb,s,s",三从,三从
分支前缀,"h,xb",叔侄,叔侄、叔伯
分支前缀,"w,xb",舅侄,舅侄
分支前缀,xs,甥,甥、外甥
分支前缀,"0,xs",从,从
分支前缀,"0,m,xs,d",再从,再从
分支前缀,"0,m,m,xs,d,d",三从,三从
分支前缀,"h,xs",姑甥,姑甥
分支前缀,"w,xs",姨甥,姨甥、襟侄
分支前缀,"f,f,xb,w",叔祖眷,叔祖眷
分支前缀,"m,f,xb,w",叔外祖眷,叔外祖眷
分支前缀,"f,m,xb,w",舅祖眷,舅祖眷
分支前缀,"m,m,xb,w",舅外祖眷,舅外祖眷
分支前缀,"f,f,xs,h",姑祖姻,姑祖姻
分支前缀,"m,f,xs,h",姑外祖姻,姑外祖姻
分支前缀,"f,m,xs,h",姨祖姻,姨祖姻
分支前缀,"m,m,xs,h",姨外祖姻,姨外祖姻
分支前缀,"f,xb,w",叔眷,叔眷
分支前缀,"f,f,xb,s,w",从父叔眷,从父叔眷
分支前缀,"f,f,xs,s,w",姑表叔眷,姑表叔眷
分支前缀,"f,m,xb,s,w",舅表叔眷,舅表叔眷
分支前缀,"f,m,xs,s,w",从母叔眷,从母叔眷
分支前缀,"m,xb,w",舅眷,舅眷
分支前缀,"m,f,xb,s,w",从父舅眷,从父舅眷
分支前缀,"m,f,xs,s,w",姑表舅眷,姑表舅眷
分支前缀,"m,m,xb,s,w",舅表舅眷,舅表舅眷
分支前缀,"m,m,xs,s,w",从母舅眷,从母舅眷
分支前缀,"f,xs,h",姑姻,姑姻
分支前缀,"f,f,xb,d,h",从父姑姻,从父姑姻
分支前缀,"f,f,xs,d,h",姑表姑姻,姑表姑姻
分支前缀,"f,m,xb,d,h",舅表姑姻,舅表姑姻
分支前缀,"f,m,xs,d,h",从母姑姻,从母姑姻
分支前缀,"m,xs,h",姨姻,姨姻
分支前缀,"m,f,xb,d,h",从父姨姻,从父姨姻
分支前缀,"m,f,xs,d,h",姑表姨姻,姑表姨姻
分支前缀,"m,m,xb,d,h",舅表姨姻,舅表姨姻
分支前缀,"m,m,xs,d,h",从母姨姻,从母姨姻
分支前缀,"xb,w",兄弟眷,兄弟眷
分支前缀,"xs,h",姊妹姻,姊妹姻
分支前缀,"w,xb,w",舅兄弟眷,舅兄弟眷、内兄弟眷
分支前缀,"w,xs,h",姨姊妹姻,姨姊妹姻、内姊妹姻
分支前缀,"h,xb,w",叔兄弟眷,叔兄弟眷、外兄弟眷
分支前缀,"h,xs,h",姑姊妹姻,姑姊妹姻、外姊妹姻
分支前缀,"f,xb,s,w",从父兄弟眷,从父兄弟眷
分支前缀,"f,xb,d,h",从父姊妹姻,从父姊妹姻
分支前缀,"f,xs,s,w",姑表兄弟眷,姑表兄弟眷
分支前缀,"f,xs,d,h",姑表姊妹姻,姑表姊妹姻
分支前缀,"m,xb,s,w",舅表兄弟眷,舅表兄弟眷
分支前缀,"m,xb,d,h",舅表姊妹姻,舅表姊妹姻
分支前缀,"m,xs,s,w",从母兄弟眷,从母兄弟眷
分支前缀,"m,xs,d,h",从母姊妹姻,从母姊妹姻
分支前缀,"s,w",男眷,男眷、息眷
分支前缀,"d,h",女姻,女姻、息姻
分支前缀,"xb,s,w",侄眷,侄眷
分支前缀,"xb,d,h",侄姻,侄姻
分支前缀,"xs,s,w",甥眷,甥眷
分支前缀,"xs,d,h",甥姻,甥姻
分支前缀,"h,xb,s,w",叔侄眷,叔侄眷
分支前缀,"h,xb,d,h",叔侄姻,叔侄姻
分支前缀,"h,xs,s,w",姑甥眷,姑甥眷
分支前缀,"h,xs,d,h",姑甥姻,姑甥姻
分支前缀,"w,xb,s,w",舅侄眷,舅侄眷
分支前缀,"w,xb,d,h",舅侄姻,舅侄姻
分支前缀,"w,xs,s,w",姨甥眷,姨甥眷
分支前缀,"w,xs,d,h",姨甥姻,姨甥姻
分支前缀,"f,xb,s,s,w",堂侄眷,堂侄眷
分支前缀,"f,xb,s,d,h",堂侄姻,堂侄姻
分支前缀,"f,xb,d,s,w",堂甥眷,堂甥眷
分支前缀,"f,xb,d,d,h",堂甥姻,堂甥姻
分支前缀,"f,xs,s,s,w",姑表侄眷,姑表侄眷
分支前缀,"f,xs,s,d,h",姑表侄姻,姑表侄姻
分支前缀,"f,xs,d,s,w",姑表甥眷,姑表甥眷
分支前缀,"f,xs,d,d,h",姑表甥姻,姑表甥姻
分支前缀,"m,xb,s,s,w",舅表侄眷,舅表侄眷
分支前缀,"m,xb,s,d,h",舅表侄姻,舅表侄姻
分支前缀,"m,xb,d,s,w",舅表甥眷,舅表甥眷
分支前缀,"m,xb,d,d,h",舅表甥姻,舅表甥姻
分支前缀,"m,xs,s,s,w",姨侄眷,姨侄眷
分支前缀,"m,xs,s,d,h",姨侄姻,姨侄姻
分支前缀,"m,xs,d,s,w",姨甥眷,姨甥眷
分支前缀,"m,xs,d,d,h",姨甥姻,姨甥姻
分支前缀,"s,s,w",孙眷,孙眷
分支前缀,"s,d,h",孙姻,孙姻
分支前缀,"d,s,w",外孙眷,外孙眷
分支前缀,"d,d,h",外孙姻,外孙姻
分支前缀,"xb,s,s,w",侄孙眷,侄孙眷
分支前缀,"xb,s,d,h",侄孙姻,侄孙姻
分支前缀,"xb,d,s,w",侄外孙眷,侄外孙眷
分支前缀,"xb,d,d,h",侄外孙姻,侄外孙姻
分支前缀,"xs,s,s,w",甥孙眷,甥孙眷
分支前缀,"xs,s,d,h",甥孙姻,甥孙姻
分支前缀,"xs,d,s,w",甥外孙眷,甥外孙眷
分支前缀,"xs,d,d,h",甥外孙姻,甥外孙姻
分支前缀,"h,xb,s,s,w",叔侄孙眷,叔侄孙眷、叔伯孙眷、叔孙眷
分支前缀,"h,xb,s,d,h",叔侄孙姻,叔侄孙姻、叔伯孙姻、叔孙姻
分支前缀,"h,xb,d,s,w",叔侄外孙眷,叔侄外孙眷、叔伯外孙眷、叔外孙眷
分支前缀,"h,xb,d,d,h",叔侄外孙姻,叔侄外孙姻、叔伯外孙姻、叔外孙姻
分支前缀,"h,xs,s,s,w",姑甥孙眷,姑甥孙眷、姑孙眷
分支前缀,"h,xs,s,d,h",姑甥孙姻,姑甥孙姻、姑孙姻
分支前缀,"h,xs,d,s,w",姑甥外孙眷,姑甥外孙眷、姑外孙眷
分支前缀,"h,xs,d,d,h",姑甥外孙姻,姑甥外孙姻、姑外孙姻
分支前缀,"w,xb,s,s,w",舅侄孙眷,舅侄孙眷、舅孙眷
分支前缀,"w,xb,s,d,h",舅侄孙姻,舅侄孙姻、舅孙姻
分支前缀,"w,xb,d,s,w",舅侄外孙眷,舅侄外孙眷、舅外孙眷
分支前缀,"w,xb,d,d,h",舅侄外孙姻,舅侄外孙姻、舅外孙姻
分支前缀,"w,xs,s,s,w",姨甥孙眷,姨甥孙眷、姨孙眷
分支前缀,"w,xs,s,d,h",姨甥孙姻,姨甥孙姻、姨孙姻
分支前缀,"w,xs,d,s,w",姨甥外孙眷,姨甥外孙眷、姨外孙眷
分支前缀,"w,xs,d,d,h",姨甥外孙姻,姨甥外孙姻、姨外孙姻
排序字段,"f,xb",几爸爸,几爸爸、几爸、几爹
排序字段,"f,xb,w",几妈妈,几妈妈、几妈、几娘
排序字段,"f,f,xb",几爷爷,几爷爷、几大爷、几嗲、几爷、几公
排序字段,"f,f,xb,w",几奶奶,几奶奶、几大娘、几奶、几婆
排序字段,"m,f,xb",几外公,几外公、几姥爷、几外爷
排序字段,"m,f,xb,w",几外婆,几外婆、几姥姥、几姥奶、几外奶、几姥
广东方言,f,老窦,老窦
广东方言,"f,f",阿爷,阿爷
广东方言,"f,f,f",太公,太公
广东方言,"f,f,m",太婆,太婆
广东方言,"f,m",阿嫲,阿嫲
广东方言,"f,m,f",太外公,太外公
广东方言,"f,m,m",太外婆,太外婆
广东方言,"f,ob",伯伯,伯伯
广东方言,"f,ob,w",伯娘,伯娘
广东方言,"f,lb",阿叔,阿叔
广东方言,"f,lb,w",阿婶,阿婶
广东方言,"0,f,xb,d,s",堂姨甥,堂姨甥
广东方言,"1,f,xb,d,s",堂外甥,堂外甥
广东方言,"0,f,xb,d,d",堂姨甥女,堂姨甥女
广东方言,"1,f,xb,d,d",堂外甥女,堂外甥女
广东方言,"f,os",姑母,姑母
广东方言,"f,ls",姑姐,姑姐
广东方言,"f,xs,h",姑丈,姑丈
广东方言,"0,f,xs,d,s",姑表姨甥,姑表姨甥
广东方言,"1,f,xs,d,s",姑表外甥,姑表外甥
广东方言,"0,f,xs,d,d",姑表姨甥女,姑表姨甥女
广东方言,"1,f,xs,d,d",姑表外甥女,姑表外甥女
广东方言,m,老母,老母
广东方言,"m,f",阿公,阿公
广东方言,"m,f,f",外太公,外太公
广东方言,"m,f,m",外太婆,外太婆
广东方言,"m,m",阿婆,阿婆
广东方言,"m,m,f",外太外公,外太外公
广东方言,"m,m,m",外太外婆,外太外婆
广东方言,"m,ob",舅父,舅父
广东方言,"m,lb",舅仔,舅仔
广东方言,"m,xb,w",舅母,舅母
广东方言,"0,m,xb,d,s",舅表姨甥,舅表姨甥
广东方言,"1,m,xb,d,s",舅表外甥,舅表外甥
广东方言,"0,m,xb,d,d",舅表姨甥女,舅表姨甥女
广东方言,"1,m,xb,d,d",舅表外甥女,舅表外甥女
广东方言,"m,os",姨妈,姨妈
广东方言,"m,ls",姨仔,姨仔
广东方言,"m,xs,h",姨丈,姨丈
广东方言,"0,m,xb,d,s",姨姨甥,姨姨甥
广东方言,"1,m,xb,d,s",姨外甥,姨外甥
广东方言,"0,m,xb,d,d",姨姨甥女,姨姨甥女
广东方言,"1,m,xb,d,d",姨外甥女,姨外甥女
广东方言,ob,大佬,大佬
广东方言,"ob,w",阿嫂,阿嫂
广东方言,lb,细佬,细佬
广东方言,"lb,w",弟妇,弟妇
广东方言,"xb,s",侄,侄
广东方言,"xb,d",侄女,侄女
广东方言,os,家姐,家姐
广东方言,"os,h",姐夫,姐夫
广东方言,ls,阿妹,阿妹
广东方言,"ls,h",妹夫,妹夫
广东方言,"0,xs,s",姨甥,姨甥
广东方言,"1,xs,s",外甥,外甥
广东方言,"0,xs,d",姨甥女,姨甥女
广东方言,"1,xs,d",外甥女,外甥女
广东方言,s,仔,仔
广东方言,"s,w",新妇,新妇
广东方言,"s,s",孙,孙
广东方言,"s,s,w",孙新妇,孙新妇
广东方言,"s,s,s",息仔,息仔
广东方言,"s,s,d",息女,息女
广东方言,"s,d",孙女,孙女
广东方言,"s,d,h",孙女婿,孙女婿
广东方言,"s,d,s",外息仔,外息仔
广东方言,"s,d,d",外息女,外息女
广东方言,d,女,女
广东方言,"d,s",外孙,外孙
广东方言,"d,s,w",外孙新妇,外孙新妇
广东方言,"d,s,s",外息仔,外息仔
广东方言,"d,s,d",外息女,外息女
广东方言,"d,d",外孙女,外孙女
广东方言,"d,d,h",外孙女婿,外孙女婿
广东方言,"d,d,s",外息仔,外息仔
广东方言,"d,d,d",外息女,外息女
北方方言,"m,m",姥姥,姥姥
北方方言,"m,m,xs",姨姥姥,姨姥姥
北方方言,"m,m,xs,h",姨姥爷,姨姥爷
北方方言,"m,m,xb",舅姥爷,舅姥爷
北方方言,"m,m,xb,w",舅姥姥,舅姥姥
北方方言,"m,f",姥爷,姥爷
北方方言,"m,f,xs",姑姥姥,姑姥姥
北方方言,"m,f,xs,h",姑姥爷,姑姥爷
北方方言,"m,f,ob",大姥爷,大姥爷
北方方言,"m,f,ob,w",大姥姥,大姥姥
北方方言,"m,f,lb",小姥爷,小姥爷
北方方言,"m,f,lb,w",小姥姥,小姥姥
北方方言,"f,ob",大爷,大爷
北方方言,"f,ob,w",大娘,大娘